Workbook

Sheet Gestión de abastecimiento
A1: Dimension 1
B3: Planificación | H3: Transparencia | N3: Cumplimiento normativo | T3: Total | U3: Valoración
B4: PRG.1 | C4: PRG.2 | D4: PRG.3 | E4: PRG.4 | F4: PRG.5 | G4: PRG.6 | H4: PRG.7 | I4: PRG.8 | J4: PRG.9 | K4: PRG.10 | L4: PRG.11 | M4: PRG.12 | N4: PRG.13 | O4: PRG.14 | P4: PRG.15 | Q4: PRG.16 | R4: PRG.17 | S4: PRG.18
A5: Beneficiaros 1 | B5: 3 | C5: 4 | D5: 4 | E5: 3 | F5: 4 | G5: 5 | H5: 3 | I5: 4 | J5: 5 | K5: 4 | L5: 4 | M5: 3 | N5: 5 | O5: 3 | P5: 5 | Q5: 4 | R5: 5 | S5: 5 | T5: 73
A6: Beneficiaros 2 | B6: 2 | C6: 3 | D6: 2 | E6: 3 | F6: 3 | G6: 3 | H6: 2 | I6: 3 | J6: 2 | K6: 3 | L6: 2 | M6: 3 | N6: 3 | O6: 3 | P6: 3 | Q6: 2 | R6: 2 | S6: 3 | T6: 47
A7: Beneficiaros 3 | B7: 4 | C7: 4 | D7: 2 | E7: 3 | F7: 4 | G7: 4 | H7: 3 | I7: 3 | J7: 4 | K7: 2 | L7: 4 | M7: 4 | N7: 3 | O7: 4 | P7: 3 | Q7: 3 | R7: 3 | S7: 3 | T7: 60
A8: Beneficiaros 4 | B8: 2 | C8: 2 | D8: 3 | E8: 2 | F8: 3 | G8: 2 | H8: 2 | I8: 2 | J8: 3 | K8: 3 | L8: 3 | M8: 3 | N8: 2 | O8: 3 | P8: 2 | Q8: 3 | R8: 3 | S8: 2 | T8: 45
A9: Beneficiaros 5 | B9: 3 | C9: 2 | D9: 3 | E9: 3 | F9: 2 | G9: 3 | H9: 3 | I9: 3 | J9: 3 | K9: 2 | L9: 2 | M9: 3 | N9: 2 | O9: 3 | P9: 3 | Q9: 2 | R9: 2 | S9: 2 | T9: 46
A10: Beneficiaros 6 | B10: 2 | C10: 3 | D10: 3 | E10: 4 | F10: 2 | G10: 3 | H10: 2 | I10: 3 | J10: 4 | K10: 2 | L10: 3 | M10: 4 | N10: 2 | O10: 3 | P10: 3 | Q10: 3 | R10: 3 | S10: 3 | T10: 52
A11: Beneficiaros 7 | B11: 3 | C11: 4 | D11: 4 | E11: 3 | F11: 2 | G11: 2 | H11: 3 | I11: 3 | J11: 4 | K11: 3 | L11: 3 | M11: 4 | N11: 3 | O11: 4 | P11: 4 | Q11: 2 | R11: 4 | S11: 4 | T11: 59
A12: Beneficiaros 8 | B12: 2 | C12: 1 | D12: 2 | E12: 1 | F12: 2 | G12: 2 | H12: 1 | I12: 2 | J12: 1 | K12: 2 | L12: 1 | M12: 2 | N12: 2 | O12: 1 | P12: 1 | Q12: 1 | R12: 1 | S12: 1 | T12: 26
A13: Beneficiaros 9 | B13: 1 | C13: 1 | D13: 1 | E13: 1 | F13: 2 | G13: 1 | H13: 2 | I13: 2 | J13: 2 | K13: 1 | L13: 1 | M13: 1 | N13: 1 | O13: 2 | P13: 2 | Q13: 1 | R13: 2 | S13: 2 | T13: 26
A14: Beneficiaros 10 | B14: 2 | C14: 1 | D14: 2 | E14: 2 | F14: 1 | G14: 1 | H14: 2 | I14: 2 | J14: 1 | K14: 1 | L14: 2 | M14: 2 | N14: 1 | O14: 2 | P14: 1 | Q14: 1 | R14: 1 | S14: 1 | T14: 26
A15: Beneficiaros 11 | B15: 1 | C15: 1 | D15: 1 | E15: 1 | F15: 1 | G15: 1 | H15: 1 | I15: 1 | J15: 1 | K15: 1 | L15: 1 | M15: 1 | N15: 1 | O15: 1 | P15: 1 | Q15: 1 | R15: 1 | S15: 1 | T15: 18
A16: Beneficiaros 12 | B16: 2 | C16: 3 | D16: 2 | E16: 3 | F16: 3 | G16: 2 | H16: 2 | I16: 1 | J16: 3 | K16: 2 | L16: 2 | M16: 2 | N16: 2 | O16: 2 | P16: 2 | Q16: 3 | R16: 2 | S16: 3 | T16: 41
... A293: Beneficiaros 289 | B293: 2 | C293: 2 | D293: 2 | E293: 1 | F293: 1 | G293: 2 | H293: 1 | I293: 2 | J293: 2 | K293: 1 | L293: 2 | M293: 2 | N293: 2 | O293: 1 | P293: 1 | Q293: 2 | R293: 1 | S293: 1 | T293: 28
A294: TOTAL | B294: =SUM(B5:B293) -> 0 | C294: =SUM(C5:C293) -> 0 | D294: =SUM(D5:D293) -> 0 | E294: =SUM(E5:E293) -> 0 | F294: =SUM(F5:F293) -> 0 | G294: =SUM(G5:G293) -> 0 | H294: =SUM(H5:H293) -> 0 | I294: =SUM(I5:I293) -> 0 | ... T294: =SUM(T5:T293) -> 0
A295: MODA | B295: =MODE(B5:B293) -> 0 | C295: =MODE(C5:C293) -> 0 | D295: =MODE(D5:D293) -> 0 | E295: =MODE(E5:E293) -> 0 | F295: =MODE(F5:F293) -> 0 | G295: =MODE(G5:G293) -> 0 | H295: =MODE(H5:H293) -> 0 | I295: =MODE(I5:I293) -> 0 | ... T295: =MODE(T5:T293) -> 0
A296: MEDIA | B296: =(B294/289) -> 0 | C296: =(C294/289) -> 0 | D296: =(D294/289) -> 0 | E296: =(E294/289) -> 0 | F296: =(F294/289) -> 0 | G296: =(G294/289) -> 0 | H296: =(H294/289) -> 0 | I296: =(I294/289) -> 0 | ... T296: =(T294/289) -> 0
A297: MEDIANA | B297: =MEDIAN(B5:B293) -> 0 | C297: =MEDIAN(C5:C293) -> 0 | D297: =MEDIAN(D5:D293) -> 0 | E297: =MEDIAN(E5:E293) -> 0 | F297: =MEDIAN(F5:F293) -> 0 | G297: =MEDIAN(G5:G293) -> 0 | H297: =MEDIAN(H5:H293) -> 0 | I297: =MEDIAN(I5:I293) -> 0 | ... T297: =MEDIAN(T5:T293) -> 0
A298: Desv.Est | B298: =ROUND(STDEV(B5:B293),2) -> 0 | C298: =ROUND(STDEV(C5:C293),2) -> 0 | D298: =ROUND(STDEV(D5:D293),2) -> 0 | E298: =ROUND(STDEV(E5:E293),2) -> 0 | F298: =ROUND(STDEV(F5:F293),2) -> 0 | G298: =ROUND(STDEV(G5:G293),2) -> 0 | H298: =ROUND(STDEV(H5:H293),2) -> 0 | I298: =ROUND(STDEV(I5:I293),2) -> 0 | ... T298: =ROUND(STDEV(T5:T293),2) -> 0
A299: Coef. Varia. | B299: =(B298/B296) -> 0 | C299: =(C298/C296) -> 0 | D299: =(D298/D296) -> 0 | E299: =(E298/E296) -> 0 | F299: =(F298/F296) -> 0 | G299: =(G298/G296) -> 0 | H299: =(H298/H296) -> 0 | I299: =(I298/I296) -> 0 | ... T299: =(T298/T296) -> 0
A300: Totalmente en desacuerdo | B300: =COUNTIF($B$5:$B$293,$A1289) -> 0 | C300: =COUNTIF($C$5:$C$293,$A1289) -> 0 | D300: =COUNTIF($D$5:$D$293,$A1289) -> 0 | E300: =COUNTIF($E$5:$E$293,$A1289) -> 0 | F300: =COUNTIF($F$5:$F$293,$A1289) -> 0 | G300: =COUNTIF($G$5:$G$293,$A1289) -> 0 | H300: =COUNTIF($H$5:$H$293,$A1289) -> 0 | I300: =COUNTIF($I$5:$I$293,$A1289) -> 0 | J300: =COUNTIF($J$5:$J$293,$A1289) -> 0 | K300: =COUNTIF($K$5:$K$293,$A1289) -> 0 | L300: =COUNTIF($L$5:$L$293,$A1289) -> 0 | M300: =COUNTIF($M$5:$M$293,$A1289) -> 0 | N300: =COUNTIF($N$5:$N$293,$A1289) -> 0 | O300: =COUNTIF($O$5:$O$293,$A1289) -> 0 | P300: =COUNTIF($P$5:$P$293,$A1289) -> 0 | Q300: =COUNTIF($Q$5:$Q$293,$A1289) -> 0 | R300: =COUNTIF($R$5:$R$293,$A1289) -> 0 | S300: =COUNTIF($S$5:$S$293,$A1289) -> 0
A301: En desacuerdo | B301: =COUNTIF($B$5:$B$293,$A1290) -> 0 | C301: =COUNTIF($C$5:$C$293,$A1290) -> 0 | D301: =COUNTIF($D$5:$D$293,$A1290) -> 0 | E301: =COUNTIF($E$5:$E$293,$A1290) -> 0 | F301: =COUNTIF($F$5:$F$293,$A1290) -> 0 | G301: =COUNTIF($G$5:$G$293,$A1290) -> 0 | H301: =COUNTIF($H$5:$H$293,$A1290) -> 0 | I301: =COUNTIF($I$5:$I$293,$A1290) -> 0 | J301: =COUNTIF($J$5:$J$293,$A1290) -> 0 | K301: =COUNTIF($K$5:$K$293,$A1290) -> 0 | L301: =COUNTIF($L$5:$L$293,$A1290) -> 0 | M301: =COUNTIF($M$5:$M$293,$A1290) -> 0 | N301: =COUNTIF($N$5:$N$293,$A1290) -> 0 | O301: =COUNTIF($O$5:$O$293,$A1290) -> 0 | P301: =COUNTIF($P$5:$P$293,$A1290) -> 0 | Q301: =COUNTIF($Q$5:$Q$293,$A1290) -> 0 | R301: =COUNTIF($R$5:$R$293,$A1290) -> 0 | S301: =COUNTIF($S$5:$S$293,$A1290) -> 0
A302: Ni de acuerdo ni en desacuerdo | B302: =COUNTIF($B$5:$B$293,$A1291) -> 0 | C302: =COUNTIF($C$5:$C$293,$A1291) -> 0 | D302: =COUNTIF($D$5:$D$293,$A1291) -> 0 | E302: =COUNTIF($E$5:$E$293,$A1291) -> 0 | F302: =COUNTIF($F$5:$F$293,$A1291) -> 0 | G302: =COUNTIF($G$5:$G$293,$A1291) -> 0 | H302: =COUNTIF($H$5:$H$293,$A1291) -> 0 | I302: =COUNTIF($I$5:$I$293,$A1291) -> 0 | J302: =COUNTIF($J$5:$J$293,$A1291) -> 0 | K302: =COUNTIF($K$5:$K$293,$A1291) -> 0 | L302: =COUNTIF($L$5:$L$293,$A1291) -> 0 | M302: =COUNTIF($M$5:$M$293,$A1291) -> 0 | N302: =COUNTIF($N$5:$N$293,$A1291) -> 0 | O302: =COUNTIF($O$5:$O$293,$A1291) -> 0 | P302: =COUNTIF($P$5:$P$293,$A1291) -> 0 | Q302: =COUNTIF($Q$5:$Q$293,$A1291) -> 0 | R302: =COUNTIF($R$5:$R$293,$A1291) -> 0 | S302: =COUNTIF($S$5:$S$293,$A1291) -> 0
A303: De acuerdo | B303: =COUNTIF($B$5:$B$293,$A1292) -> 0 | C303: =COUNTIF($C$5:$C$293,$A1292) -> 0 | D303: =COUNTIF($D$5:$D$293,$A1292) -> 0 | E303: =COUNTIF($E$5:$E$293,$A1292) -> 0 | F303: =COUNTIF($F$5:$F$293,$A1292) -> 0 | G303: =COUNTIF($G$5:$G$293,$A1292) -> 0 | H303: =COUNTIF($H$5:$H$293,$A1292) -> 0 | I303: =COUNTIF($I$5:$I$293,$A1292) -> 0 | J303: =COUNTIF($J$5:$J$293,$A1292) -> 0 | K303: =COUNTIF($K$5:$K$293,$A1292) -> 0 | L303: =COUNTIF($L$5:$L$293,$A1292) -> 0 | M303: =COUNTIF($M$5:$M$293,$A1292) -> 0 | N303: =COUNTIF($N$5:$N$293,$A1292) -> 0 | O303: =COUNTIF($O$5:$O$293,$A1292) -> 0 | P303: =COUNTIF($P$5:$P$293,$A1292) -> 0 | Q303: =COUNTIF($Q$5:$Q$293,$A1292) -> 0 | R303: =COUNTIF($R$5:$R$293,$A1292) -> 0 | S303: =COUNTIF($S$5:$S$293,$A1292) -> 0
A304: Totalmente de acuerdo | B304: =COUNTIF($B$5:$B$293,$A1293) -> 0 | C304: =COUNTIF($C$5:$C$293,$A1293) -> 0 | D304: =COUNTIF($D$5:$D$293,$A1293) -> 0 | E304: =COUNTIF($E$5:$E$293,$A1293) -> 0 | F304: =COUNTIF($F$5:$F$293,$A1293) -> 0 | G304: =COUNTIF($G$5:$G$293,$A1293) -> 0 | H304: =COUNTIF($H$5:$H$293,$A1293) -> 0 | I304: =COUNTIF($I$5:$I$293,$A1293) -> 0 | J304: =COUNTIF($J$5:$J$293,$A1293) -> 0 | K304: =COUNTIF($K$5:$K$293,$A1293) -> 0 | L304: =COUNTIF($L$5:$L$293,$A1293) -> 0 | M304: =COUNTIF($M$5:$M$293,$A1293) -> 0 | N304: =COUNTIF($N$5:$N$293,$A1293) -> 0 | O304: =COUNTIF($O$5:$O$293,$A1293) -> 0 | P304: =COUNTIF($P$5:$P$293,$A1293) -> 0 | Q304: =COUNTIF($Q$5:$Q$293,$A1293) -> 0 | R304: =COUNTIF($R$5:$R$293,$A1293) -> 0 | S304: =COUNTIF($S$5:$S$293,$A1293) -> 0
A305: Total | B305: =SUM($B300:$B304) -> 0 | C305: =SUM($C300:$C304) -> 0 | D305: =SUM($D300:$D304) -> 0 | E305: =SUM($E300:$E304) -> 0 | F305: =SUM($F300:$F304) -> 0 | G305: =SUM($G300:$G304) -> 0 | H305: =SUM($H300:$H304) -> 0 | I305: =SUM($I300:$I304) -> 0 | J305: =SUM($J300:$J304) -> 0 | K305: =SUM($K300:$K304) -> 0 | L305: =SUM($L300:$L304) -> 0 | M305: =SUM($M300:$M304) -> 0 | N305: =SUM($N300:$N304) -> 0 | O305: =SUM($O300:$O304) -> 0 | P305: =SUM($P300:$P304) -> 0 | Q305: =SUM($Q300:$Q304) -> 0 | R305: =SUM($R300:$R304) -> 0 | S305: =SUM($S300:$S304) -> 0
A306: Totalmente en desacuerdo% | B306: =($B300/$B305) -> 0 | C306: =($C300/$C305) -> 0 | D306: =($D300/$D305) -> 0 | E306: =($E300/$E305) -> 0 | F306: =($F300/$F305) -> 0 | G306: =($G300/$G305) -> 0 | H306: =($H300/$H305) -> 0 | I306: =($I300/$I305) -> 0 | J306: =($J300/$J305) -> 0 | K306: =($K300/$K305) -> 0 | L306: =($L300/$L305) -> 0 | M306: =($M300/$M305) -> 0 | N306: =($N300/$N305) -> 0 | O306: =($O300/$O305) -> 0 | P306: =($P300/$P305) -> 0 | Q306: =($Q300/$Q305) -> 0 | R306: =($R300/$R305) -> 0 | S306: =($S300/$S305) -> 0
A307: En desacuerdo% | B307: =($B301/$B305) -> 0 | C307: =($C301/$C305) -> 0 | D307: =($D301/$D305) -> 0 | E307: =($E301/$E305) -> 0 | F307: =($F301/$F305) -> 0 | G307: =($G301/$G305) -> 0 | H307: =($H301/$H305) -> 0 | I307: =($I301/$I305) -> 0 | J307: =($J301/$J305) -> 0 | K307: =($K301/$K305) -> 0 | L307: =($L301/$L305) -> 0 | M307: =($M301/$M305) -> 0 | N307: =($N301/$N305) -> 0 | O307: =($O301/$O305) -> 0 | P307: =($P301/$P305) -> 0 | Q307: =($Q301/$Q305) -> 0 | R307: =($R301/$R305) -> 0 | S307: =($S301/$S305) -> 0
A308: Ni de acuerdo ni en desacuerdo% | B308: =($B302/$B305) -> 0 | C308: =($C302/$C305) -> 0 | D308: =($D302/$D305) -> 0 | E308: =($E302/$E305) -> 0 | F308: =($F302/$F305) -> 0 | G308: =($G302/$G305) -> 0 | H308: =($H302/$H305) -> 0 | I308: =($I302/$I305) -> 0 | J308: =($J302/$J305) -> 0 | K308: =($K302/$K305) -> 0 | L308: =($L302/$L305) -> 0 | M308: =($M302/$M305) -> 0 | N308: =($N302/$N305) -> 0 | O308: =($O302/$O305) -> 0 | P308: =($P302/$P305) -> 0 | Q308: =($Q302/$Q305) -> 0 | R308: =($R302/$R305) -> 0 | S308: =($S302/$S305) -> 0
A309: De acuerdo% | B309: =($B303/$B305) -> 0 | C309: =($C303/$C305) -> 0 | D309: =($D303/$D305) -> 0 | E309: =($E303/$E305) -> 0 | F309: =($F303/$F305) -> 0 | G309: =($G303/$G305) -> 0 | H309: =($H303/$H305) -> 0 | I309: =($I303/$I305) -> 0 | J309: =($J303/$J305) -> 0 | K309: =($K303/$K305) -> 0 | L309: =($L303/$L305) -> 0 | M309: =($M303/$M305) -> 0 | N309: =($N303/$N305) -> 0 | O309: =($O303/$O305) -> 0 | P309: =($P303/$P305) -> 0 | Q309: =($Q303/$Q305) -> 0 | R309: =($R303/$R305) -> 0 | S309: =($S303/$S305) -> 0
A310: Totalmente de acuerdo% | B310: =($B304/$B305) -> 0 | C310: =($C304/$C305) -> 0 | D310: =($D304/$D305) -> 0 | E310: =($E304/$E305) -> 0 | F310: =($F304/$F305) -> 0 | G310: =($G304/$G305) -> 0 | H310: =($H304/$H305) -> 0 | I310: =($I304/$I305) -> 0 | J310: =($J304/$J305) -> 0 | K310: =($K304/$K305) -> 0 | L310: =($L304/$L305) -> 0 | M310: =($M304/$M305) -> 0 | N310: =($N304/$N305) -> 0 | O310: =($O304/$O305) -> 0 | P310: =($P304/$P305) -> 0 | Q310: =($Q304/$Q305) -> 0 | R310: =($R304/$R305) -> 0 | S310: =($S304/$S305) -> 0
A311: Total % | B311: =SUM($B306:$B310) -> 0 | C311: =SUM($C306:$C310) -> 0 | D311: =SUM($D306:$D310) -> 0 | E311: =SUM($E306:$E310) -> 0 | F311: =SUM($F306:$F310) -> 0 | G311: =SUM($G306:$G310) -> 0 | H311: =SUM($H306:$H310) -> 0 | I311: =SUM($I306:$I310) -> 0 | J311: =SUM($J306:$J310) -> 0 | K311: =SUM($K306:$K310) -> 0 | L311: =SUM($L306:$L310) -> 0 | M311: =SUM($M306:$M310) -> 0 | N311: =SUM($N306:$N310) -> 0 | O311: =SUM($O306:$O310) -> 0 | P311: =SUM($P306:$P310) -> 0 | Q311: =SUM($Q306:$Q310) -> 0 | R311: =SUM($R306:$R310) -> 0 | S311: =SUM($S306:$S310) -> 0
A1289: 1
A1290: 2
A1291: 3
A1292: 4
A1293: 5
B1294: =SUM($B1289:$B1293) -> 0 | C1294: =SUM($C1289:$C1293) -> 0 | D1294: =SUM($D1289:$D1293) -> 0 | E1294: =SUM($E1289:$E1293) -> 0 | F1294: =SUM($F1289:$F1293) -> 0 | G1294: =SUM($G1289:$G1293) -> 0 | H1294: =SUM($H1289:$H1293) -> 0 | I1294: =SUM($I1289:$I1293) -> 0 | J1294: =SUM($J1289:$J1293) -> 0 | K1294: =SUM($K1289:$K1293) -> 0 | L1294: =SUM($L1289:$L1293) -> 0 | M1294: =SUM($M1289:$M1293) -> 0 | N1294: =SUM($N1289:$N1293) -> 0 | O1294: =SUM($O1289:$O1293) -> 0 | P1294: =SUM($P1289:$P1293) -> 0 | Q1294: =SUM($Q1289:$Q1293) -> 0 | R1294: =SUM($R1289:$R1293) -> 0 | S1294: =SUM($S1289:$S1293) -> 0
B1300: =SUM($B1295:$B1299) -> 0 | C1300: =SUM($C1295:$C1299) -> 0 | D1300: =SUM($D1295:$D1299) -> 0 | E1300: =SUM($E1295:$E1299) -> 0 | F1300: =SUM($F1295:$F1299) -> 0 | G1300: =SUM($G1295:$G1299) -> 0 | H1300: =SUM($H1295:$H1299) -> 0 | I1300: =SUM($I1295:$I1299) -> 0 | J1300: =SUM($J1295:$J1299) -> 0 | K1300: =SUM($K1295:$K1299) -> 0 | L1300: =SUM($L1295:$L1299) -> 0 | M1300: =SUM($M1295:$M1299) -> 0 | N1300: =SUM($N1295:$N1299) -> 0 | O1300: =SUM($O1295:$O1299) -> 0 | P1300: =SUM($P1295:$P1299) -> 0 | Q1300: =SUM($Q1295:$Q1299) -> 0 | R1300: =SUM($R1295:$R1299) -> 0 | S1300: =SUM($S1295:$S1299) -> 0

Sheet Por Valoracion (3) Dimension
A1: Dimension 1
A2: Nº de Personas | B2: Planificación | D2: Transparencia | F2: Cumplimiento normativo | H2: Gestión de abastecimiento
B3: Suma Total | C3: Valoración | D3: Suma Total | E3: Valoración | F3: Suma Total | G3: Valoración | H3: Suma Total | I3: Valoración
A4: Beneficiaros 1 | B4: =SUM('Gestión de abastecimiento'!B5:G5) -> 0 | C4: =IF(B4<=$Q$19,"Bajo",IF(B4<=$Q$20,"Medio ",IF(B4<=$Q$21,"Alto",0))) -> 0 | D4: =SUM('Gestión de abastecimiento'!H5:M5) -> 0 | E4: =IF(D4<=$AC$19,"Bajo",IF(D4<=$AC$20,"Medio ",IF(D4<=$AC$21,"Alto",0))) -> 0 | F4: =SUM('Gestión de abastecimiento'!N5:S5) -> 0 | G4: =IF(F4<=$AO$19,"Bajo",IF(F4<=$AO$20,"Medio ",IF(F4<=$AO$21,"Alto",0))) -> 0 | H4: =SUM(B4:F4) -> 0 | I4: =IF(H4<=$BA$19,"Bajo",IF(H4<=$BA$20,"Medio ",IF(H4<=$BA$21,"Alto",0))) -> 0 | M4: Variable | N4: Gestión de abastecimiento | Y4: Variable | Z4: Gestión de abastecimiento | AK4: Variable | AL4: Gestión de abastecimiento | AW4: Variable | AX4: Gestión de abastecimiento
A5: Beneficiaros 2 | B5: =SUM('Gestión de abastecimiento'!B6:G6) -> 0 | C5: =IF(B5<=$Q$19,"Bajo",IF(B5<=$Q$20,"Medio ",IF(B5<=$Q$21,"Alto",0))) -> 0 | D5: =SUM('Gestión de abastecimiento'!H6:M6) -> 0 | E5: =IF(D5<=$AC$19,"Bajo",IF(D5<=$AC$20,"Medio ",IF(D5<=$AC$21,"Alto",0))) -> 0 | F5: =SUM('Gestión de abastecimiento'!N6:S6) -> 0 | G5: =IF(F5<=$AO$19,"Bajo",IF(F5<=$AO$20,"Medio ",IF(F5<=$AO$21,"Alto",0))) -> 0 | H5: =SUM(B5:F5) -> 0 | I5: =IF(H5<=$BA$19,"Bajo",IF(H5<=$BA$20,"Medio ",IF(H5<=$BA$21,"Alto",0))) -> 0 | M5: Nombre de la Dimensión | N5: =B2 -> 0 | Y5: Nombre de la Dimensión | Z5: =D2 -> 0 | AK5: Nombre de la Dimensión | AL5: =F2 -> 0
A6: Beneficiaros 3 | B6: =SUM('Gestión de abastecimiento'!B7:G7) -> 0 | C6: =IF(B6<=$Q$19,"Bajo",IF(B6<=$Q$20,"Medio ",IF(B6<=$Q$21,"Alto",0))) -> 0 | D6: =SUM('Gestión de abastecimiento'!H7:M7) -> 0 | E6: =IF(D6<=$AC$19,"Bajo",IF(D6<=$AC$20,"Medio ",IF(D6<=$AC$21,"Alto",0))) -> 0 | F6: =SUM('Gestión de abastecimiento'!N7:S7) -> 0 | G6: =IF(F6<=$AO$19,"Bajo",IF(F6<=$AO$20,"Medio ",IF(F6<=$AO$21,"Alto",0))) -> 0 | H6: =SUM(B6:F6) -> 0 | I6: =IF(H6<=$BA$19,"Bajo",IF(H6<=$BA$20,"Medio ",IF(H6<=$BA$21,"Alto",0))) -> 0 | M6: Cantidad de Escalas Valorativas | N6: 3 | Y6: Cantidad de Escalas Valorativas | Z6: 3 | AK6: Cantidad de Escalas Valorativas | AL6: 3 | AW6: Cantidad de Escalas Valorativas | AX6: 3
A7: Beneficiaros 4 | B7: =SUM('Gestión de abastecimiento'!B8:G8) -> 0 | C7: =IF(B7<=$Q$19,"Bajo",IF(B7<=$Q$20,"Medio ",IF(B7<=$Q$21,"Alto",0))) -> 0 | D7: =SUM('Gestión de abastecimiento'!H8:M8) -> 0 | E7: =IF(D7<=$AC$19,"Bajo",IF(D7<=$AC$20,"Medio ",IF(D7<=$AC$21,"Alto",0))) -> 0 | F7: =SUM('Gestión de abastecimiento'!N8:S8) -> 0 | G7: =IF(F7<=$AO$19,"Bajo",IF(F7<=$AO$20,"Medio ",IF(F7<=$AO$21,"Alto",0))) -> 0 | H7: =SUM(B7:F7) -> 0 | I7: =IF(H7<=$BA$19,"Bajo",IF(H7<=$BA$20,"Medio ",IF(H7<=$BA$21,"Alto",0))) -> 0 | M7: Nº de Peguntas | N7: 6 | Y7: Nº de Peguntas | Z7: 6 | AK7: Nº de Peguntas | AL7: 6 | AW7: Nº de Peguntas | AX7: 18
A8: Beneficiaros 5 | B8: =SUM('Gestión de abastecimiento'!B9:G9) -> 0 | C8: =IF(B8<=$Q$19,"Bajo",IF(B8<=$Q$20,"Medio ",IF(B8<=$Q$21,"Alto",0))) -> 0 | D8: =SUM('Gestión de abastecimiento'!H9:M9) -> 0 | E8: =IF(D8<=$AC$19,"Bajo",IF(D8<=$AC$20,"Medio ",IF(D8<=$AC$21,"Alto",0))) -> 0 | F8: =SUM('Gestión de abastecimiento'!N9:S9) -> 0 | G8: =IF(F8<=$AO$19,"Bajo",IF(F8<=$AO$20,"Medio ",IF(F8<=$AO$21,"Alto",0))) -> 0 | H8: =SUM(B8:F8) -> 0 | I8: =IF(H8<=$BA$19,"Bajo",IF(H8<=$BA$20,"Medio ",IF(H8<=$BA$21,"Alto",0))) -> 0 | M8: Valor Mínimo por item | N8: 1 | Y8: Valor Mínimo por item | Z8: 1 | AK8: Valor Mínimo por item | AL8: 1 | AW8: Valor Mínimo por item | AX8: 1
A9: Beneficiaros 6 | B9: =SUM('Gestión de abastecimiento'!B10:G10) -> 0 | C9: =IF(B9<=$Q$19,"Bajo",IF(B9<=$Q$20,"Medio ",IF(B9<=$Q$21,"Alto",0))) -> 0 | D9: =SUM('Gestión de abastecimiento'!H10:M10) -> 0 | E9: =IF(D9<=$AC$19,"Bajo",IF(D9<=$AC$20,"Medio ",IF(D9<=$AC$21,"Alto",0))) -> 0 | F9: =SUM('Gestión de abastecimiento'!N10:S10) -> 0 | G9: =IF(F9<=$AO$19,"Bajo",IF(F9<=$AO$20,"Medio ",IF(F9<=$AO$21,"Alto",0))) -> 0 | H9: =SUM(B9:F9) -> 0 | I9: =IF(H9<=$BA$19,"Bajo",IF(H9<=$BA$20,"Medio ",IF(H9<=$BA$21,"Alto",0))) -> 0 | M9: Valor Máximo por item | N9: 5 | Y9: Valor Máximo por item | Z9: 5 | AK9: Valor Máximo por item | AL9: 5 | AW9: Valor Máximo por item | AX9: 5
A10: Beneficiaros 7 | B10: =SUM('Gestión de abastecimiento'!B11:G11) -> 0 | C10: =IF(B10<=$Q$19,"Bajo",IF(B10<=$Q$20,"Medio ",IF(B10<=$Q$21,"Alto",0))) -> 0 | D10: =SUM('Gestión de abastecimiento'!H11:M11) -> 0 | E10: =IF(D10<=$AC$19,"Bajo",IF(D10<=$AC$20,"Medio ",IF(D10<=$AC$21,"Alto",0))) -> 0 | F10: =SUM('Gestión de abastecimiento'!N11:S11) -> 0 | G10: =IF(F10<=$AO$19,"Bajo",IF(F10<=$AO$20,"Medio ",IF(F10<=$AO$21,"Alto",0))) -> 0 | H10: =SUM(B10:F10) -> 0 | I10: =IF(H10<=$BA$19,"Bajo",IF(H10<=$BA$20,"Medio ",IF(H10<=$BA$21,"Alto",0))) -> 0 | M10: Máximo | N10: =N7*N9 -> 0 | Y10: Máximo | Z10: =Z7*Z9 -> 0 | AK10: Máximo | AL10: =AL7*AL9 -> 0 | AW10: Máximo | AX10: =AX7*AX9 -> 0
A11: Beneficiaros 8 | B11: =SUM('Gestión de abastecimiento'!B12:G12) -> 0 | C11: =IF(B11<=$Q$19,"Bajo",IF(B11<=$Q$20,"Medio ",IF(B11<=$Q$21,"Alto",0))) -> 0 | D11: =SUM('Gestión de abastecimiento'!H12:M12) -> 0 | E11: =IF(D11<=$AC$19,"Bajo",IF(D11<=$AC$20,"Medio ",IF(D11<=$AC$21,"Alto",0))) -> 0 | F11: =SUM('Gestión de abastecimiento'!N12:S12) -> 0 | G11: =IF(F11<=$AO$19,"Bajo",IF(F11<=$AO$20,"Medio ",IF(F11<=$AO$21,"Alto",0))) -> 0 | H11: =SUM(B11:F11) -> 0 | I11: =IF(H11<=$BA$19,"Bajo",IF(H11<=$BA$20,"Medio ",IF(H11<=$BA$21,"Alto",0))) -> 0 | M11: Mínimo | N11: =N8*N7 -> 0 | Y11: Mínimo | Z11: =Z8*Z7 -> 0 | AK11: Mínimo | AL11: =AL8*AL7 -> 0 | AW11: Mínimo | AX11: =AX8*AX7 -> 0
A12: Beneficiaros 9 | B12: =SUM('Gestión de abastecimiento'!B13:G13) -> 0 | C12: =IF(B12<=$Q$19,"Bajo",IF(B12<=$Q$20,"Medio ",IF(B12<=$Q$21,"Alto",0))) -> 0 | D12: =SUM('Gestión de abastecimiento'!H13:M13) -> 0 | E12: =IF(D12<=$AC$19,"Bajo",IF(D12<=$AC$20,"Medio ",IF(D12<=$AC$21,"Alto",0))) -> 0 | F12: =SUM('Gestión de abastecimiento'!N13:S13) -> 0 | G12: =IF(F12<=$AO$19,"Bajo",IF(F12<=$AO$20,"Medio ",IF(F12<=$AO$21,"Alto",0))) -> 0 | H12: =SUM(B12:F12) -> 0 | I12: =IF(H12<=$BA$19,"Bajo",IF(H12<=$BA$20,"Medio ",IF(H12<=$BA$21,"Alto",0))) -> 0 | M12: Rango | N12: =N10-N11 -> 0 | Y12: Rango | Z12: =Z10-Z11 -> 0 | AK12: Rango | AL12: =AL10-AL11 -> 0 | AW12: Rango | AX12: =AX10-AX11 -> 0
A13: Beneficiaros 10 | B13: =SUM('Gestión de abastecimiento'!B14:G14) -> 0 | C13: =IF(B13<=$Q$19,"Bajo",IF(B13<=$Q$20,"Medio ",IF(B13<=$Q$21,"Alto",0))) -> 0 | D13: =SUM('Gestión de abastecimiento'!H14:M14) -> 0 | E13: =IF(D13<=$AC$19,"Bajo",IF(D13<=$AC$20,"Medio ",IF(D13<=$AC$21,"Alto",0))) -> 0 | F13: =SUM('Gestión de abastecimiento'!N14:S14) -> 0 | G13: =IF(F13<=$AO$19,"Bajo",IF(F13<=$AO$20,"Medio ",IF(F13<=$AO$21,"Alto",0))) -> 0 | H13: =SUM(B13:F13) -> 0 | I13: =IF(H13<=$BA$19,"Bajo",IF(H13<=$BA$20,"Medio ",IF(H13<=$BA$21,"Alto",0))) -> 0 | M13: Amplitud del Intervalo | N13: =ROUND(N12/N6,0) -> 0 | Y13: Amplitud del Intervalo | Z13: =ROUND(Z12/Z6,0) -> 0 | AK13: Amplitud del Intervalo | AL13: =ROUND(AL12/AL6,0) -> 0 | AW13: Amplitud del Intervalo | AX13: =ROUND(AX12/AX6,0) -> 0
A14: Beneficiaros 11 | B14: =SUM('Gestión de abastecimiento'!B15:G15) -> 0 | C14: =IF(B14<=$Q$19,"Bajo",IF(B14<=$Q$20,"Medio ",IF(B14<=$Q$21,"Alto",0))) -> 0 | D14: =SUM('Gestión de abastecimiento'!H15:M15) -> 0 | E14: =IF(D14<=$AC$19,"Bajo",IF(D14<=$AC$20,"Medio ",IF(D14<=$AC$21,"Alto",0))) -> 0 | F14: =SUM('Gestión de abastecimiento'!N15:S15) -> 0 | G14: =IF(F14<=$AO$19,"Bajo",IF(F14<=$AO$20,"Medio ",IF(F14<=$AO$21,"Alto",0))) -> 0 | H14: =SUM(B14:F14) -> 0 | I14: =IF(H14<=$BA$19,"Bajo",IF(H14<=$BA$20,"Medio ",IF(H14<=$BA$21,"Alto",0))) -> 0
A15: Beneficiaros 12 | B15: =SUM('Gestión de abastecimiento'!B16:G16) -> 0 | C15: =IF(B15<=$Q$19,"Bajo",IF(B15<=$Q$20,"Medio ",IF(B15<=$Q$21,"Alto",0))) -> 0 | D15: =SUM('Gestión de abastecimiento'!H16:M16) -> 0 | E15: =IF(D15<=$AC$19,"Bajo",IF(D15<=$AC$20,"Medio ",IF(D15<=$AC$21,"Alto",0))) -> 0 | F15: =SUM('Gestión de abastecimiento'!N16:S16) -> 0 | G15: =IF(F15<=$AO$19,"Bajo",IF(F15<=$AO$20,"Medio ",IF(F15<=$AO$21,"Alto",0))) -> 0 | H15: =SUM(B15:F15) -> 0 | I15: =IF(H15<=$BA$19,"Bajo",IF(H15<=$BA$20,"Medio ",IF(H15<=$BA$21,"Alto",0))) -> 0 | O15: Tabla 1 | AA15: Tabla 2 | AM15: Tabla 3 | AY15: Tabla 4
A16: Beneficiaros 13 | B16: =SUM('Gestión de abastecimiento'!B17:G17) -> 0 | C16: =IF(B16<=$Q$19,"Bajo",IF(B16<=$Q$20,"Medio ",IF(B16<=$Q$21,"Alto",0))) -> 0 | D16: =SUM('Gestión de abastecimiento'!H17:M17) -> 0 | E16: =IF(D16<=$AC$19,"Bajo",IF(D16<=$AC$20,"Medio ",IF(D16<=$AC$21,"Alto",0))) -> 0 | F16: =SUM('Gestión de abastecimiento'!N17:S17) -> 0 | G16: =IF(F16<=$AO$19,"Bajo",IF(F16<=$AO$20,"Medio ",IF(F16<=$AO$21,"Alto",0))) -> 0 | H16: =SUM(B16:F16) -> 0 | I16: =IF(H16<=$BA$19,"Bajo",IF(H16<=$BA$20,"Medio ",IF(H16<=$BA$21,"Alto",0))) -> 0 | O16: =N5 -> 0 | AA16: =Z5 -> 0 | AM16: =AL5 -> 0 | AY16: =AX4 -> 0
A17: Beneficiaros 14 | B17: =SUM('Gestión de abastecimiento'!B18:G18) -> 0 | C17: =IF(B17<=$Q$19,"Bajo",IF(B17<=$Q$20,"Medio ",IF(B17<=$Q$21,"Alto",0))) -> 0 | D17: =SUM('Gestión de abastecimiento'!H18:M18) -> 0 | E17: =IF(D17<=$AC$19,"Bajo",IF(D17<=$AC$20,"Medio ",IF(D17<=$AC$21,"Alto",0))) -> 0 | F17: =SUM('Gestión de abastecimiento'!N18:S18) -> 0 | G17: =IF(F17<=$AO$19,"Bajo",IF(F17<=$AO$20,"Medio ",IF(F17<=$AO$21,"Alto",0))) -> 0 | H17: =SUM(B17:F17) -> 0 | I17: =IF(H17<=$BA$19,"Bajo",IF(H17<=$BA$20,"Medio ",IF(H17<=$BA$21,"Alto",0))) -> 0 | O17: Calificación | P17: Rango | R17: Frec. | S17: % | AA17: Calificación | AB17: Rango | AD17: Frec. | AE17: % | AM17: Calificación | AN17: Rango | AP17: Frec. | AQ17: % | AY17: Calificación | AZ17: Rango | BB17: Frec. | BC17: %
A18: Beneficiaros 15 | B18: =SUM('Gestión de abastecimiento'!B19:G19) -> 0 | C18: =IF(B18<=$Q$19,"Bajo",IF(B18<=$Q$20,"Medio ",IF(B18<=$Q$21,"Alto",0))) -> 0 | D18: =SUM('Gestión de abastecimiento'!H19:M19) -> 0 | E18: =IF(D18<=$AC$19,"Bajo",IF(D18<=$AC$20,"Medio ",IF(D18<=$AC$21,"Alto",0))) -> 0 | F18: =SUM('Gestión de abastecimiento'!N19:S19) -> 0 | G18: =IF(F18<=$AO$19,"Bajo",IF(F18<=$AO$20,"Medio ",IF(F18<=$AO$21,"Alto",0))) -> 0 | H18: =SUM(B18:F18) -> 0 | I18: =IF(H18<=$BA$19,"Bajo",IF(H18<=$BA$20,"Medio ",IF(H18<=$BA$21,"Alto",0))) -> 0 | P18: Desde | Q18: Hasta | AB18: Desde | AC18: Hasta | AN18: Desde | AO18: Hasta | AZ18: Desde | BA18: Hasta
A19: Beneficiaros 16 | B19: =SUM('Gestión de abastecimiento'!B20:G20) -> 0 | C19: =IF(B19<=$Q$19,"Bajo",IF(B19<=$Q$20,"Medio ",IF(B19<=$Q$21,"Alto",0))) -> 0 | D19: =SUM('Gestión de abastecimiento'!H20:M20) -> 0 | E19: =IF(D19<=$AC$19,"Bajo",IF(D19<=$AC$20,"Medio ",IF(D19<=$AC$21,"Alto",0))) -> 0 | F19: =SUM('Gestión de abastecimiento'!N20:S20) -> 0 | G19: =IF(F19<=$AO$19,"Bajo",IF(F19<=$AO$20,"Medio ",IF(F19<=$AO$21,"Alto",0))) -> 0 | H19: =SUM(B19:F19) -> 0 | I19: =IF(H19<=$BA$19,"Bajo",IF(H19<=$BA$20,"Medio ",IF(H19<=$BA$21,"Alto",0))) -> 0 | O19: Bajo | P19: =N11 -> 0 | Q19: =P19+N13 -> 0 | R19: =COUNTIF($C$4:$C$292,$O19) -> 0 | S19: =R19/R22 -> 0 | AA19: Bajo | AB19: =Z11 -> 0 | AC19: =AB19+Z13 -> 0 | AD19: =COUNTIF($E$4:$E$292,$AA19) -> 0 | AE19: =AD19/AD22 -> 0 | AM19: Bajo | AN19: =AL11 -> 0 | AO19: =AN19+AL13 -> 0 | AP19: =COUNTIF($G$4:$G$292,$AM19) -> 0 | AQ19: =AP19/AP22 -> 0 | AY19: Bajo | AZ19: =AX11 -> 0 | BA19: =AZ19+AX13 - 1 -> 0 | BB19: =COUNTIF($I$4:$I$292,$AY19) -> 0 | BC19: =BB19/BB22 -> 0
A20: Beneficiaros 17 | B20: =SUM('Gestión de abastecimiento'!B21:G21) -> 0 | C20: =IF(B20<=$Q$19,"Bajo",IF(B20<=$Q$20,"Medio ",IF(B20<=$Q$21,"Alto",0))) -> 0 | D20: =SUM('Gestión de abastecimiento'!H21:M21) -> 0 | E20: =IF(D20<=$AC$19,"Bajo",IF(D20<=$AC$20,"Medio ",IF(D20<=$AC$21,"Alto",0))) -> 0 | F20: =SUM('Gestión de abastecimiento'!N21:S21) -> 0 | G20: =IF(F20<=$AO$19,"Bajo",IF(F20<=$AO$20,"Medio ",IF(F20<=$AO$21,"Alto",0))) -> 0 | H20: =SUM(B20:F20) -> 0 | I20: =IF(H20<=$BA$19,"Bajo",IF(H20<=$BA$20,"Medio ",IF(H20<=$BA$21,"Alto",0))) -> 0 | O20: Medio | P20: =Q19+ 1 -> 0 | Q20: =P20+N13 -> 0 | R20: =COUNTIF($C$4:$C$292,$O20) -> 0 | S20: =R20/R22 -> 0 | AA20: Medio | AB20: =AC19+ 1 -> 0 | AC20: =AB20+Z13 -> 0 | AD20: =COUNTIF($E$4:$E$292,$AA20) -> 0 | AE20: =AD20/AD22 -> 0 | AM20: Medio | AN20: =AO19+ 1 -> 0 | AO20: =AN20+AL13 -> 0 | AP20: =COUNTIF($G$4:$G$292,$AM20) -> 0 | AQ20: =AP20/AP22 -> 0 | AY20: Medio | AZ20: =BA19+ 1 -> 0 | BA20: =AZ20+AX13 - 1 -> 0 | BB20: =COUNTIF($I$4:$I$292,$AY20) -> 0 | BC20: =BB20/BB22 -> 0
A21: Beneficiaros 18 | B21: =SUM('Gestión de abastecimiento'!B22:G22) -> 0 | C21: =IF(B21<=$Q$19,"Bajo",IF(B21<=$Q$20,"Medio ",IF(B21<=$Q$21,"Alto",0))) -> 0 | D21: =SUM('Gestión de abastecimiento'!H22:M22) -> 0 | E21: =IF(D21<=$AC$19,"Bajo",IF(D21<=$AC$20,"Medio ",IF(D21<=$AC$21,"Alto",0))) -> 0 | F21: =SUM('Gestión de abastecimiento'!N22:S22) -> 0 | G21: =IF(F21<=$AO$19,"Bajo",IF(F21<=$AO$20,"Medio ",IF(F21<=$AO$21,"Alto",0))) -> 0 | H21: =SUM(B21:F21) -> 0 | I21: =IF(H21<=$BA$19,"Bajo",IF(H21<=$BA$20,"Medio ",IF(H21<=$BA$21,"Alto",0))) -> 0 | O21: Alto | P21: =Q20+ 1 -> 0 | Q21: =N10 -> 0 | R21: =COUNTIF($C$4:$C$292,$O21) -> 0 | S21: =R21/R22 -> 0 | AA21: Alto | AB21: =AC20+ 1 -> 0 | AC21: =Z10 -> 0 | AD21: =COUNTIF($E$4:$E$292,$AA21) -> 0 | AE21: =AD21/AD22 -> 0 | AM21: Alto | AN21: =AO20+ 1 -> 0 | AO21: =AL10 -> 0 | AP21: =COUNTIF($G$4:$G$292,$AM21) -> 0 | AQ21: =AP21/AP22 -> 0 | AY21: Alto | AZ21: =BA20+ 1 -> 0 | BA21: =AX10 -> 0 | BB21: =COUNTIF($I$4:$I$292,$AY21) -> 0 | BC21: =BB21/BB22 -> 0
A22: Beneficiaros 19 | B22: =SUM('Gestión de abastecimiento'!B23:G23) -> 0 | C22: =IF(B22<=$Q$19,"Bajo",IF(B22<=$Q$20,"Medio ",IF(B22<=$Q$21,"Alto",0))) -> 0 | D22: =SUM('Gestión de abastecimiento'!H23:M23) -> 0 | E22: =IF(D22<=$AC$19,"Bajo",IF(D22<=$AC$20,"Medio ",IF(D22<=$AC$21,"Alto",0))) -> 0 | F22: =SUM('Gestión de abastecimiento'!N23:S23) -> 0 | G22: =IF(F22<=$AO$19,"Bajo",IF(F22<=$AO$20,"Medio ",IF(F22<=$AO$21,"Alto",0))) -> 0 | H22: =SUM(B22:F22) -> 0 | I22: =IF(H22<=$BA$19,"Bajo",IF(H22<=$BA$20,"Medio ",IF(H22<=$BA$21,"Alto",0))) -> 0 | O22: Total | R22: =SUM(R19:R21) -> 0 | S22: =SUM(S19:S21) -> 0 | AA22: Total | AD22: =SUM(AD19:AD21) -> 0 | AE22: =SUM(AE19:AE21) -> 0 | AM22: Total | AP22: =SUM(AP19:AP21) -> 0 | AQ22: =SUM(AQ19:AQ21) -> 0 | AY22: Total | BB22: =SUM(BB19:BB21) -> 0 | BC22: =SUM(BC19:BC21) -> 0
A23: Beneficiaros 20 | B23: =SUM('Gestión de abastecimiento'!B24:G24) -> 0 | C23: =IF(B23<=$Q$19,"Bajo",IF(B23<=$Q$20,"Medio ",IF(B23<=$Q$21,"Alto",0))) -> 0 | D23: =SUM('Gestión de abastecimiento'!H24:M24) -> 0 | E23: =IF(D23<=$AC$19,"Bajo",IF(D23<=$AC$20,"Medio ",IF(D23<=$AC$21,"Alto",0))) -> 0 | F23: =SUM('Gestión de abastecimiento'!N24:S24) -> 0 | G23: =IF(F23<=$AO$19,"Bajo",IF(F23<=$AO$20,"Medio ",IF(F23<=$AO$21,"Alto",0))) -> 0 | H23: =SUM(B23:F23) -> 0 | I23: =IF(H23<=$BA$19,"Bajo",IF(H23<=$BA$20,"Medio ",IF(H23<=$BA$21,"Alto",0))) -> 0 | O23: Fuente: Encuesta aplicada | AA23: Fuente: Encuesta aplicada | AM23: Fuente: Encuesta aplicada | AY23: Fuente: Encuesta aplicada
A24: Beneficiaros 21 | B24: =SUM('Gestión de abastecimiento'!B25:G25) -> 0 | C24: =IF(B24<=$Q$19,"Bajo",IF(B24<=$Q$20,"Medio ",IF(B24<=$Q$21,"Alto",0))) -> 0 | D24: =SUM('Gestión de abastecimiento'!H25:M25) -> 0 | E24: =IF(D24<=$AC$19,"Bajo",IF(D24<=$AC$20,"Medio ",IF(D24<=$AC$21,"Alto",0))) -> 0 | F24: =SUM('Gestión de abastecimiento'!N25:S25) -> 0 | G24: =IF(F24<=$AO$19,"Bajo",IF(F24<=$AO$20,"Medio ",IF(F24<=$AO$21,"Alto",0))) -> 0 | H24: =SUM(B24:F24) -> 0 | I24: =IF(H24<=$BA$19,"Bajo",IF(H24<=$BA$20,"Medio ",IF(H24<=$BA$21,"Alto",0))) -> 0 | O24: Elaboración: Propia | AA24: Elaboración: Propia | AM24: Elaboración: Propia | AY24: Elaboración: Propia
A25: Beneficiaros 22 | B25: =SUM('Gestión de abastecimiento'!B26:G26) -> 0 | C25: =IF(B25<=$Q$19,"Bajo",IF(B25<=$Q$20,"Medio ",IF(B25<=$Q$21,"Alto",0))) -> 0 | D25: =SUM('Gestión de abastecimiento'!H26:M26) -> 0 | E25: =IF(D25<=$AC$19,"Bajo",IF(D25<=$AC$20,"Medio ",IF(D25<=$AC$21,"Alto",0))) -> 0 | F25: =SUM('Gestión de abastecimiento'!N26:S26) -> 0 | G25: =IF(F25<=$AO$19,"Bajo",IF(F25<=$AO$20,"Medio ",IF(F25<=$AO$21,"Alto",0))) -> 0 | H25: =SUM(B25:F25) -> 0 | I25: =IF(H25<=$BA$19,"Bajo",IF(H25<=$BA$20,"Medio ",IF(H25<=$BA$21,"Alto",0))) -> 0
A26: Beneficiaros 23 | B26: =SUM('Gestión de abastecimiento'!B27:G27) -> 0 | C26: =IF(B26<=$Q$19,"Bajo",IF(B26<=$Q$20,"Medio ",IF(B26<=$Q$21,"Alto",0))) -> 0 | D26: =SUM('Gestión de abastecimiento'!H27:M27) -> 0 | E26: =IF(D26<=$AC$19,"Bajo",IF(D26<=$AC$20,"Medio ",IF(D26<=$AC$21,"Alto",0))) -> 0 | F26: =SUM('Gestión de abastecimiento'!N27:S27) -> 0 | G26: =IF(F26<=$AO$19,"Bajo",IF(F26<=$AO$20,"Medio ",IF(F26<=$AO$21,"Alto",0))) -> 0 | H26: =SUM(B26:F26) -> 0 | I26: =IF(H26<=$BA$19,"Bajo",IF(H26<=$BA$20,"Medio ",IF(H26<=$BA$21,"Alto",0))) -> 0
A27: Beneficiaros 24 | B27: =SUM('Gestión de abastecimiento'!B28:G28) -> 0 | C27: =IF(B27<=$Q$19,"Bajo",IF(B27<=$Q$20,"Medio ",IF(B27<=$Q$21,"Alto",0))) -> 0 | D27: =SUM('Gestión de abastecimiento'!H28:M28) -> 0 | E27: =IF(D27<=$AC$19,"Bajo",IF(D27<=$AC$20,"Medio ",IF(D27<=$AC$21,"Alto",0))) -> 0 | F27: =SUM('Gestión de abastecimiento'!N28:S28) -> 0 | G27: =IF(F27<=$AO$19,"Bajo",IF(F27<=$AO$20,"Medio ",IF(F27<=$AO$21,"Alto",0))) -> 0 | H27: =SUM(B27:F27) -> 0 | I27: =IF(H27<=$BA$19,"Bajo",IF(H27<=$BA$20,"Medio ",IF(H27<=$BA$21,"Alto",0))) -> 0
A28: Beneficiaros 25 | B28: =SUM('Gestión de abastecimiento'!B29:G29) -> 0 | C28: =IF(B28<=$Q$19,"Bajo",IF(B28<=$Q$20,"Medio ",IF(B28<=$Q$21,"Alto",0))) -> 0 | D28: =SUM('Gestión de abastecimiento'!H29:M29) -> 0 | E28: =IF(D28<=$AC$19,"Bajo",IF(D28<=$AC$20,"Medio ",IF(D28<=$AC$21,"Alto",0))) -> 0 | F28: =SUM('Gestión de abastecimiento'!N29:S29) -> 0 | G28: =IF(F28<=$AO$19,"Bajo",IF(F28<=$AO$20,"Medio ",IF(F28<=$AO$21,"Alto",0))) -> 0 | H28: =SUM(B28:F28) -> 0 | I28: =IF(H28<=$BA$19,"Bajo",IF(H28<=$BA$20,"Medio ",IF(H28<=$BA$21,"Alto",0))) -> 0
A29: Beneficiaros 26 | B29: =SUM('Gestión de abastecimiento'!B30:G30) -> 0 | C29: =IF(B29<=$Q$19,"Bajo",IF(B29<=$Q$20,"Medio ",IF(B29<=$Q$21,"Alto",0))) -> 0 | D29: =SUM('Gestión de abastecimiento'!H30:M30) -> 0 | E29: =IF(D29<=$AC$19,"Bajo",IF(D29<=$AC$20,"Medio ",IF(D29<=$AC$21,"Alto",0))) -> 0 | F29: =SUM('Gestión de abastecimiento'!N30:S30) -> 0 | G29: =IF(F29<=$AO$19,"Bajo",IF(F29<=$AO$20,"Medio ",IF(F29<=$AO$21,"Alto",0))) -> 0 | H29: =SUM(B29:F29) -> 0 | I29: =IF(H29<=$BA$19,"Bajo",IF(H29<=$BA$20,"Medio ",IF(H29<=$BA$21,"Alto",0))) -> 0
A30: Beneficiaros 27 | B30: =SUM('Gestión de abastecimiento'!B31:G31) -> 0 | C30: =IF(B30<=$Q$19,"Bajo",IF(B30<=$Q$20,"Medio ",IF(B30<=$Q$21,"Alto",0))) -> 0 | D30: =SUM('Gestión de abastecimiento'!H31:M31) -> 0 | E30: =IF(D30<=$AC$19,"Bajo",IF(D30<=$AC$20,"Medio ",IF(D30<=$AC$21,"Alto",0))) -> 0 | F30: =SUM('Gestión de abastecimiento'!N31:S31) -> 0 | G30: =IF(F30<=$AO$19,"Bajo",IF(F30<=$AO$20,"Medio ",IF(F30<=$AO$21,"Alto",0))) -> 0 | H30: =SUM(B30:F30) -> 0 | I30: =IF(H30<=$BA$19,"Bajo",IF(H30<=$BA$20,"Medio ",IF(H30<=$BA$21,"Alto",0))) -> 0
A31: Beneficiaros 28 | B31: =SUM('Gestión de abastecimiento'!B32:G32) -> 0 | C31: =IF(B31<=$Q$19,"Bajo",IF(B31<=$Q$20,"Medio ",IF(B31<=$Q$21,"Alto",0))) -> 0 | D31: =SUM('Gestión de abastecimiento'!H32:M32) -> 0 | E31: =IF(D31<=$AC$19,"Bajo",IF(D31<=$AC$20,"Medio ",IF(D31<=$AC$21,"Alto",0))) -> 0 | F31: =SUM('Gestión de abastecimiento'!N32:S32) -> 0 | G31: =IF(F31<=$AO$19,"Bajo",IF(F31<=$AO$20,"Medio ",IF(F31<=$AO$21,"Alto",0))) -> 0 | H31: =SUM(B31:F31) -> 0 | I31: =IF(H31<=$BA$19,"Bajo",IF(H31<=$BA$20,"Medio ",IF(H31<=$BA$21,"Alto",0))) -> 0
A32: Beneficiaros 29 | B32: =SUM('Gestión de abastecimiento'!B33:G33) -> 0 | C32: =IF(B32<=$Q$19,"Bajo",IF(B32<=$Q$20,"Medio ",IF(B32<=$Q$21,"Alto",0))) -> 0 | D32: =SUM('Gestión de abastecimiento'!H33:M33) -> 0 | E32: =IF(D32<=$AC$19,"Bajo",IF(D32<=$AC$20,"Medio ",IF(D32<=$AC$21,"Alto",0))) -> 0 | F32: =SUM('Gestión de abastecimiento'!N33:S33) -> 0 | G32: =IF(F32<=$AO$19,"Bajo",IF(F32<=$AO$20,"Medio ",IF(F32<=$AO$21,"Alto",0))) -> 0 | H32: =SUM(B32:F32) -> 0 | I32: =IF(H32<=$BA$19,"Bajo",IF(H32<=$BA$20,"Medio ",IF(H32<=$BA$21,"Alto",0))) -> 0
A33: Beneficiaros 30 | B33: =SUM('Gestión de abastecimiento'!B34:G34) -> 0 | C33: =IF(B33<=$Q$19,"Bajo",IF(B33<=$Q$20,"Medio ",IF(B33<=$Q$21,"Alto",0))) -> 0 | D33: =SUM('Gestión de abastecimiento'!H34:M34) -> 0 | E33: =IF(D33<=$AC$19,"Bajo",IF(D33<=$AC$20,"Medio ",IF(D33<=$AC$21,"Alto",0))) -> 0 | F33: =SUM('Gestión de abastecimiento'!N34:S34) -> 0 | G33: =IF(F33<=$AO$19,"Bajo",IF(F33<=$AO$20,"Medio ",IF(F33<=$AO$21,"Alto",0))) -> 0 | H33: =SUM(B33:F33) -> 0 | I33: =IF(H33<=$BA$19,"Bajo",IF(H33<=$BA$20,"Medio ",IF(H33<=$BA$21,"Alto",0))) -> 0
A34: Beneficiaros 31 | B34: =SUM('Gestión de abastecimiento'!B35:G35) -> 0 | C34: =IF(B34<=$Q$19,"Bajo",IF(B34<=$Q$20,"Medio ",IF(B34<=$Q$21,"Alto",0))) -> 0 | D34: =SUM('Gestión de abastecimiento'!H35:M35) -> 0 | E34: =IF(D34<=$AC$19,"Bajo",IF(D34<=$AC$20,"Medio ",IF(D34<=$AC$21,"Alto",0))) -> 0 | F34: =SUM('Gestión de abastecimiento'!N35:S35) -> 0 | G34: =IF(F34<=$AO$19,"Bajo",IF(F34<=$AO$20,"Medio ",IF(F34<=$AO$21,"Alto",0))) -> 0 | H34: =SUM(B34:F34) -> 0 | I34: =IF(H34<=$BA$19,"Bajo",IF(H34<=$BA$20,"Medio ",IF(H34<=$BA$21,"Alto",0))) -> 0
A35: Beneficiaros 32 | B35: =SUM('Gestión de abastecimiento'!B36:G36) -> 0 | C35: =IF(B35<=$Q$19,"Bajo",IF(B35<=$Q$20,"Medio ",IF(B35<=$Q$21,"Alto",0))) -> 0 | D35: =SUM('Gestión de abastecimiento'!H36:M36) -> 0 | E35: =IF(D35<=$AC$19,"Bajo",IF(D35<=$AC$20,"Medio ",IF(D35<=$AC$21,"Alto",0))) -> 0 | F35: =SUM('Gestión de abastecimiento'!N36:S36) -> 0 | G35: =IF(F35<=$AO$19,"Bajo",IF(F35<=$AO$20,"Medio ",IF(F35<=$AO$21,"Alto",0))) -> 0 | H35: =SUM(B35:F35) -> 0 | I35: =IF(H35<=$BA$19,"Bajo",IF(H35<=$BA$20,"Medio ",IF(H35<=$BA$21,"Alto",0))) -> 0
A36: Beneficiaros 33 | B36: =SUM('Gestión de abastecimiento'!B37:G37) -> 0 | C36: =IF(B36<=$Q$19,"Bajo",IF(B36<=$Q$20,"Medio ",IF(B36<=$Q$21,"Alto",0))) -> 0 | D36: =SUM('Gestión de abastecimiento'!H37:M37) -> 0 | E36: =IF(D36<=$AC$19,"Bajo",IF(D36<=$AC$20,"Medio ",IF(D36<=$AC$21,"Alto",0))) -> 0 | F36: =SUM('Gestión de abastecimiento'!N37:S37) -> 0 | G36: =IF(F36<=$AO$19,"Bajo",IF(F36<=$AO$20,"Medio ",IF(F36<=$AO$21,"Alto",0))) -> 0 | H36: =SUM(B36:F36) -> 0 | I36: =IF(H36<=$BA$19,"Bajo",IF(H36<=$BA$20,"Medio ",IF(H36<=$BA$21,"Alto",0))) -> 0
... A42: Beneficiaros 39 | B42: =SUM('Gestión de abastecimiento'!B43:G43) -> 0 | C42: =IF(B42<=$Q$19,"Bajo",IF(B42<=$Q$20,"Medio ",IF(B42<=$Q$21,"Alto",0))) -> 0 | D42: =SUM('Gestión de abastecimiento'!H43:M43) -> 0 | E42: =IF(D42<=$AC$19,"Bajo",IF(D42<=$AC$20,"Medio ",IF(D42<=$AC$21,"Alto",0))) -> 0 | F42: =SUM('Gestión de abastecimiento'!N43:S43) -> 0 | G42: =IF(F42<=$AO$19,"Bajo",IF(F42<=$AO$20,"Medio ",IF(F42<=$AO$21,"Alto",0))) -> 0 | H42: =SUM(B42:F42) -> 0 | I42: =IF(H42<=$BA$19,"Bajo",IF(H42<=$BA$20,"Medio ",IF(H42<=$BA$21,"Alto",0))) -> 0
A43: Beneficiaros 40 | B43: =SUM('Gestión de abastecimiento'!B44:G44) -> 0 | C43: =IF(B43<=$Q$19,"Bajo",IF(B43<=$Q$20,"Medio ",IF(B43<=$Q$21,"Alto",0))) -> 0 | D43: =SUM('Gestión de abastecimiento'!H44:M44) -> 0 | E43: =IF(D43<=$AC$19,"Bajo",IF(D43<=$AC$20,"Medio ",IF(D43<=$AC$21,"Alto",0))) -> 0 | F43: =SUM('Gestión de abastecimiento'!N44:S44) -> 0 | G43: =IF(F43<=$AO$19,"Bajo",IF(F43<=$AO$20,"Medio ",IF(F43<=$AO$21,"Alto",0))) -> 0 | H43: =SUM(B43:F43) -> 0 | I43: =IF(H43<=$BA$19,"Bajo",IF(H43<=$BA$20,"Medio ",IF(H43<=$BA$21,"Alto",0))) -> 0 | O43: Figura.1 | AA43: Figura.2 | AM43: Figura.3 | AY43: Figura.4
A44: Beneficiaros 41 | B44: =SUM('Gestión de abastecimiento'!B45:G45) -> 0 | C44: =IF(B44<=$Q$19,"Bajo",IF(B44<=$Q$20,"Medio ",IF(B44<=$Q$21,"Alto",0))) -> 0 | D44: =SUM('Gestión de abastecimiento'!H45:M45) -> 0 | E44: =IF(D44<=$AC$19,"Bajo",IF(D44<=$AC$20,"Medio ",IF(D44<=$AC$21,"Alto",0))) -> 0 | F44: =SUM('Gestión de abastecimiento'!N45:S45) -> 0 | G44: =IF(F44<=$AO$19,"Bajo",IF(F44<=$AO$20,"Medio ",IF(F44<=$AO$21,"Alto",0))) -> 0 | H44: =SUM(B44:F44) -> 0 | I44: =IF(H44<=$BA$19,"Bajo",IF(H44<=$BA$20,"Medio ",IF(H44<=$BA$21,"Alto",0))) -> 0 | O44: Planificación | AA44: Transparencia | AM44: Cumplimiento normativo | AY44: Planificación
A45: Beneficiaros 42 | B45: =SUM('Gestión de abastecimiento'!B46:G46) -> 0 | C45: =IF(B45<=$Q$19,"Bajo",IF(B45<=$Q$20,"Medio ",IF(B45<=$Q$21,"Alto",0))) -> 0 | D45: =SUM('Gestión de abastecimiento'!H46:M46) -> 0 | E45: =IF(D45<=$AC$19,"Bajo",IF(D45<=$AC$20,"Medio ",IF(D45<=$AC$21,"Alto",0))) -> 0 | F45: =SUM('Gestión de abastecimiento'!N46:S46) -> 0 | G45: =IF(F45<=$AO$19,"Bajo",IF(F45<=$AO$20,"Medio ",IF(F45<=$AO$21,"Alto",0))) -> 0 | H45: =SUM(B45:F45) -> 0 | I45: =IF(H45<=$BA$19,"Bajo",IF(H45<=$BA$20,"Medio ",IF(H45<=$BA$21,"Alto",0))) -> 0
A46: Beneficiaros 43 | B46: =SUM('Gestión de abastecimiento'!B47:G47) -> 0 | C46: =IF(B46<=$Q$19,"Bajo",IF(B46<=$Q$20,"Medio ",IF(B46<=$Q$21,"Alto",0))) -> 0 | D46: =SUM('Gestión de abastecimiento'!H47:M47) -> 0 | E46: =IF(D46<=$AC$19,"Bajo",IF(D46<=$AC$20,"Medio ",IF(D46<=$AC$21,"Alto",0))) -> 0 | F46: =SUM('Gestión de abastecimiento'!N47:S47) -> 0 | G46: =IF(F46<=$AO$19,"Bajo",IF(F46<=$AO$20,"Medio ",IF(F46<=$AO$21,"Alto",0))) -> 0 | H46: =SUM(B46:F46) -> 0 | I46: =IF(H46<=$BA$19,"Bajo",IF(H46<=$BA$20,"Medio ",IF(H46<=$BA$21,"Alto",0))) -> 0
A47: Beneficiaros 44 | B47: =SUM('Gestión de abastecimiento'!B48:G48) -> 0 | C47: =IF(B47<=$Q$19,"Bajo",IF(B47<=$Q$20,"Medio ",IF(B47<=$Q$21,"Alto",0))) -> 0 | D47: =SUM('Gestión de abastecimiento'!H48:M48) -> 0 | E47: =IF(D47<=$AC$19,"Bajo",IF(D47<=$AC$20,"Medio ",IF(D47<=$AC$21,"Alto",0))) -> 0 | F47: =SUM('Gestión de abastecimiento'!N48:S48) -> 0 | G47: =IF(F47<=$AO$19,"Bajo",IF(F47<=$AO$20,"Medio ",IF(F47<=$AO$21,"Alto",0))) -> 0 | H47: =SUM(B47:F47) -> 0 | I47: =IF(H47<=$BA$19,"Bajo",IF(H47<=$BA$20,"Medio ",IF(H47<=$BA$21,"Alto",0))) -> 0 | M47: =CONCATENATE("en la ",O15," y ",O43," se puede observar que la variable ",L901," en base a su dimensión ",L902," tiene una calificación de ",M904," por el ",ROUND(L904*100,0),"% ","de los resultados, ","los cuales fueron extraídos de las encuestas ejecutadas a los ",N902,", estos resultados son afectados debido a que, ",U1016," ",M1016,",","asi mismo ",U1017," ",M1017,", sin embargo ",U1018," ",M1018,", además ",U1019," ",M1019,", incluso ",U1020," ",M1020, ", ","y ",M1021," ",U1021,", ","por todo ello la dimensión ",L902," es ",M904,".") -> 0 | Y47: =CONCATENATE("en la ",AA15," y ",AA43," se puede observar que la variable ",X901," en base a su dimensión ",X902," tiene una calificación de ",Y904," por el ",ROUND(X904*100,0),"% ","de los resultados, ","los cuales fueron extraídos de las encuestas ejecutadas a los ",Z902,", estos resultados son afectados debido a que, ",AG1016," ",Y1016,",","asi mismo ",AG1017," ",Y1017,", mismo ",AG1018," ",Y1018,", no obstante ",AG1019," ",Y1019,", así ",AG1020," ",Y1020, ", ","y ",Y1021," ",AG1021,", ","por todo ello la dimensión ",X902," es ",Y904,".") -> 0 | AK47: =CONCATENATE("en la ",AM15," y ",AM43," se puede observar que la variable ",AJ901," en base a su dimensión ",AJ902," tiene una calificación de ",AK904," por el ",ROUND(AJ904*100,0),"% ","de los resultados, ","los cuales fueron extraídos de las encuestas ejecutadas a los ",AL902,", estos resultados son afectados debido a que, ",AS1016," ",AK1016,",","asi mismo ",AS1017," ",AK1017,", incluso ",AS1018," ",AK1018,", en cambio ",AS1019," ",AK1019,", así ",AS1020," ",AK1020, ", ","y ",AK1021," ",AS1021,", ","por todo ello la dimensión ",AJ902," es ",AK904,".") -> 0 | AW47: =CONCATENATE("En la ",AY15," y ",AY43," se puede evidenciar que la variable ",AV901," es calificado como ",AW904," por el ",ROUND(AV904*100,0),"% de los resultados, mismos que son originados porque; ",BI1016," ",BI1017," ",BI1018,BI1019,BI1020,BI1021,BI1022,BI1023,BI1024,BI1025,BI1026," se concluye que la variable ",AV901,"tiene un valor de ",AW904,".") -> 0
A48: Beneficiaros 45 | B48: =SUM('Gestión de abastecimiento'!B49:G49) -> 0 | C48: =IF(B48<=$Q$19,"Bajo",IF(B48<=$Q$20,"Medio ",IF(B48<=$Q$21,"Alto",0))) -> 0 | D48: =SUM('Gestión de abastecimiento'!H49:M49) -> 0 | E48: =IF(D48<=$AC$19,"Bajo",IF(D48<=$AC$20,"Medio ",IF(D48<=$AC$21,"Alto",0))) -> 0 | F48: =SUM('Gestión de abastecimiento'!N49:S49) -> 0 | G48: =IF(F48<=$AO$19,"Bajo",IF(F48<=$AO$20,"Medio ",IF(F48<=$AO$21,"Alto",0))) -> 0 | H48: =SUM(B48:F48) -> 0 | I48: =IF(H48<=$BA$19,"Bajo",IF(H48<=$BA$20,"Medio ",IF(H48<=$BA$21,"Alto",0))) -> 0
A49: Beneficiaros 46 | B49: =SUM('Gestión de abastecimiento'!B50:G50) -> 0 | C49: =IF(B49<=$Q$19,"Bajo",IF(B49<=$Q$20,"Medio ",IF(B49<=$Q$21,"Alto",0))) -> 0 | D49: =SUM('Gestión de abastecimiento'!H50:M50) -> 0 | E49: =IF(D49<=$AC$19,"Bajo",IF(D49<=$AC$20,"Medio ",IF(D49<=$AC$21,"Alto",0))) -> 0 | F49: =SUM('Gestión de abastecimiento'!N50:S50) -> 0 | G49: =IF(F49<=$AO$19,"Bajo",IF(F49<=$AO$20,"Medio ",IF(F49<=$AO$21,"Alto",0))) -> 0 | H49: =SUM(B49:F49) -> 0 | I49: =IF(H49<=$BA$19,"Bajo",IF(H49<=$BA$20,"Medio ",IF(H49<=$BA$21,"Alto",0))) -> 0
A50: Beneficiaros 47 | B50: =SUM('Gestión de abastecimiento'!B51:G51) -> 0 | C50: =IF(B50<=$Q$19,"Bajo",IF(B50<=$Q$20,"Medio ",IF(B50<=$Q$21,"Alto",0))) -> 0 | D50: =SUM('Gestión de abastecimiento'!H51:M51) -> 0 | E50: =IF(D50<=$AC$19,"Bajo",IF(D50<=$AC$20,"Medio ",IF(D50<=$AC$21,"Alto",0))) -> 0 | F50: =SUM('Gestión de abastecimiento'!N51:S51) -> 0 | G50: =IF(F50<=$AO$19,"Bajo",IF(F50<=$AO$20,"Medio ",IF(F50<=$AO$21,"Alto",0))) -> 0 | H50: =SUM(B50:F50) -> 0 | I50: =IF(H50<=$BA$19,"Bajo",IF(H50<=$BA$20,"Medio ",IF(H50<=$BA$21,"Alto",0))) -> 0
A51: Beneficiaros 48 | B51: =SUM('Gestión de abastecimiento'!B52:G52) -> 0 | C51: =IF(B51<=$Q$19,"Bajo",IF(B51<=$Q$20,"Medio ",IF(B51<=$Q$21,"Alto",0))) -> 0 | D51: =SUM('Gestión de abastecimiento'!H52:M52) -> 0 | E51: =IF(D51<=$AC$19,"Bajo",IF(D51<=$AC$20,"Medio ",IF(D51<=$AC$21,"Alto",0))) -> 0 | F51: =SUM('Gestión de abastecimiento'!N52:S52) -> 0 | G51: =IF(F51<=$AO$19,"Bajo",IF(F51<=$AO$20,"Medio ",IF(F51<=$AO$21,"Alto",0))) -> 0 | H51: =SUM(B51:F51) -> 0 | I51: =IF(H51<=$BA$19,"Bajo",IF(H51<=$BA$20,"Medio ",IF(H51<=$BA$21,"Alto",0))) -> 0
A52: Beneficiaros 49 | B52: =SUM('Gestión de abastecimiento'!B53:G53) -> 0 | C52: =IF(B52<=$Q$19,"Bajo",IF(B52<=$Q$20,"Medio ",IF(B52<=$Q$21,"Alto",0))) -> 0 | D52: =SUM('Gestión de abastecimiento'!H53:M53) -> 0 | E52: =IF(D52<=$AC$19,"Bajo",IF(D52<=$AC$20,"Medio ",IF(D52<=$AC$21,"Alto",0))) -> 0 | F52: =SUM('Gestión de abastecimiento'!N53:S53) -> 0 | G52: =IF(F52<=$AO$19,"Bajo",IF(F52<=$AO$20,"Medio ",IF(F52<=$AO$21,"Alto",0))) -> 0 | H52: =SUM(B52:F52) -> 0 | I52: =IF(H52<=$BA$19,"Bajo",IF(H52<=$BA$20,"Medio ",IF(H52<=$BA$21,"Alto",0))) -> 0
A53: Beneficiaros 50 | B53: =SUM('Gestión de abastecimiento'!B54:G54) -> 0 | C53: =IF(B53<=$Q$19,"Bajo",IF(B53<=$Q$20,"Medio ",IF(B53<=$Q$21,"Alto",0))) -> 0 | D53: =SUM('Gestión de abastecimiento'!H54:M54) -> 0 | E53: =IF(D53<=$AC$19,"Bajo",IF(D53<=$AC$20,"Medio ",IF(D53<=$AC$21,"Alto",0))) -> 0 | F53: =SUM('Gestión de abastecimiento'!N54:S54) -> 0 | G53: =IF(F53<=$AO$19,"Bajo",IF(F53<=$AO$20,"Medio ",IF(F53<=$AO$21,"Alto",0))) -> 0 | H53: =SUM(B53:F53) -> 0 | I53: =IF(H53<=$BA$19,"Bajo",IF(H53<=$BA$20,"Medio ",IF(H53<=$BA$21,"Alto",0))) -> 0
A54: Beneficiaros 51 | B54: =SUM('Gestión de abastecimiento'!B55:G55) -> 0 | C54: =IF(B54<=$Q$19,"Bajo",IF(B54<=$Q$20,"Medio ",IF(B54<=$Q$21,"Alto",0))) -> 0 | D54: =SUM('Gestión de abastecimiento'!H55:M55) -> 0 | E54: =IF(D54<=$AC$19,"Bajo",IF(D54<=$AC$20,"Medio ",IF(D54<=$AC$21,"Alto",0))) -> 0 | F54: =SUM('Gestión de abastecimiento'!N55:S55) -> 0 | G54: =IF(F54<=$AO$19,"Bajo",IF(F54<=$AO$20,"Medio ",IF(F54<=$AO$21,"Alto",0))) -> 0 | H54: =SUM(B54:F54) -> 0 | I54: =IF(H54<=$BA$19,"Bajo",IF(H54<=$BA$20,"Medio ",IF(H54<=$BA$21,"Alto",0))) -> 0
A55: Beneficiaros 52 | B55: =SUM('Gestión de abastecimiento'!B56:G56) -> 0 | C55: =IF(B55<=$Q$19,"Bajo",IF(B55<=$Q$20,"Medio ",IF(B55<=$Q$21,"Alto",0))) -> 0 | D55: =SUM('Gestión de abastecimiento'!H56:M56) -> 0 | E55: =IF(D55<=$AC$19,"Bajo",IF(D55<=$AC$20,"Medio ",IF(D55<=$AC$21,"Alto",0))) -> 0 | F55: =SUM('Gestión de abastecimiento'!N56:S56) -> 0 | G55: =IF(F55<=$AO$19,"Bajo",IF(F55<=$AO$20,"Medio ",IF(F55<=$AO$21,"Alto",0))) -> 0 | H55: =SUM(B55:F55) -> 0 | I55: =IF(H55<=$BA$19,"Bajo",IF(H55<=$BA$20,"Medio ",IF(H55<=$BA$21,"Alto",0))) -> 0
A56: Beneficiaros 53 | B56: =SUM('Gestión de abastecimiento'!B57:G57) -> 0 | C56: =IF(B56<=$Q$19,"Bajo",IF(B56<=$Q$20,"Medio ",IF(B56<=$Q$21,"Alto",0))) -> 0 | D56: =SUM('Gestión de abastecimiento'!H57:M57) -> 0 | E56: =IF(D56<=$AC$19,"Bajo",IF(D56<=$AC$20,"Medio ",IF(D56<=$AC$21,"Alto",0))) -> 0 | F56: =SUM('Gestión de abastecimiento'!N57:S57) -> 0 | G56: =IF(F56<=$AO$19,"Bajo",IF(F56<=$AO$20,"Medio ",IF(F56<=$AO$21,"Alto",0))) -> 0 | H56: =SUM(B56:F56) -> 0 | I56: =IF(H56<=$BA$19,"Bajo",IF(H56<=$BA$20,"Medio ",IF(H56<=$BA$21,"Alto",0))) -> 0
A57: Beneficiaros 54 | B57: =SUM('Gestión de abastecimiento'!B58:G58) -> 0 | C57: =IF(B57<=$Q$19,"Bajo",IF(B57<=$Q$20,"Medio ",IF(B57<=$Q$21,"Alto",0))) -> 0 | D57: =SUM('Gestión de abastecimiento'!H58:M58) -> 0 | E57: =IF(D57<=$AC$19,"Bajo",IF(D57<=$AC$20,"Medio ",IF(D57<=$AC$21,"Alto",0))) -> 0 | F57: =SUM('Gestión de abastecimiento'!N58:S58) -> 0 | G57: =IF(F57<=$AO$19,"Bajo",IF(F57<=$AO$20,"Medio ",IF(F57<=$AO$21,"Alto",0))) -> 0 | H57: =SUM(B57:F57) -> 0 | I57: =IF(H57<=$BA$19,"Bajo",IF(H57<=$BA$20,"Medio ",IF(H57<=$BA$21,"Alto",0))) -> 0
A58: Beneficiaros 55 | B58: =SUM('Gestión de abastecimiento'!B59:G59) -> 0 | C58: =IF(B58<=$Q$19,"Bajo",IF(B58<=$Q$20,"Medio ",IF(B58<=$Q$21,"Alto",0))) -> 0 | D58: =SUM('Gestión de abastecimiento'!H59:M59) -> 0 | E58: =IF(D58<=$AC$19,"Bajo",IF(D58<=$AC$20,"Medio ",IF(D58<=$AC$21,"Alto",0))) -> 0 | F58: =SUM('Gestión de abastecimiento'!N59:S59) -> 0 | G58: =IF(F58<=$AO$19,"Bajo",IF(F58<=$AO$20,"Medio ",IF(F58<=$AO$21,"Alto",0))) -> 0 | H58: =SUM(B58:F58) -> 0 | I58: =IF(H58<=$BA$19,"Bajo",IF(H58<=$BA$20,"Medio ",IF(H58<=$BA$21,"Alto",0))) -> 0
A59: Beneficiaros 56 | B59: =SUM('Gestión de abastecimiento'!B60:G60) -> 0 | C59: =IF(B59<=$Q$19,"Bajo",IF(B59<=$Q$20,"Medio ",IF(B59<=$Q$21,"Alto",0))) -> 0 | D59: =SUM('Gestión de abastecimiento'!H60:M60) -> 0 | E59: =IF(D59<=$AC$19,"Bajo",IF(D59<=$AC$20,"Medio ",IF(D59<=$AC$21,"Alto",0))) -> 0 | F59: =SUM('Gestión de abastecimiento'!N60:S60) -> 0 | G59: =IF(F59<=$AO$19,"Bajo",IF(F59<=$AO$20,"Medio ",IF(F59<=$AO$21,"Alto",0))) -> 0 | H59: =SUM(B59:F59) -> 0 | I59: =IF(H59<=$BA$19,"Bajo",IF(H59<=$BA$20,"Medio ",IF(H59<=$BA$21,"Alto",0))) -> 0
... A292: Beneficiaros 289 | B292: =SUM('Gestión de abastecimiento'!B293:G293) -> 0 | C292: =IF(B292<=$Q$19,"Bajo",IF(B292<=$Q$20,"Medio ",IF(B292<=$Q$21,"Alto",0))) -> 0 | D292: =SUM('Gestión de abastecimiento'!H293:M293) -> 0 | E292: =IF(D292<=$AC$19,"Bajo",IF(D292<=$AC$20,"Medio ",IF(D292<=$AC$21,"Alto",0))) -> 0 | F292: =SUM('Gestión de abastecimiento'!N293:S293) -> 0 | G292: =IF(F292<=$AO$19,"Bajo",IF(F292<=$AO$20,"Medio ",IF(F292<=$AO$21,"Alto",0))) -> 0 | H292: =SUM(B292:F292) -> 0 | I292: =IF(H292<=$BA$19,"Bajo",IF(H292<=$BA$20,"Medio ",IF(H292<=$BA$21,"Alto",0))) -> 0
K901: Variable | L901: =(N4) -> 0 | N901: Unidades de Medida | W901: Variable | X901: =(Z4) -> 0 | Z901: Unidades de Medida | AI901: Variable | AJ901: =(AL4) -> 0 | AL901: Unidades de Medida | AU901: Variable | AV901: =(AX4) -> 0 | AX901: Unidades de Medida
K902: Dimensión | L902: =(N5) -> 0 | N902: Beneficiaross | W902: Dimensión | X902: =(Z5) -> 0 | Z902: Beneficiaross | AI902: Dimensión | AJ902: =(AL5) -> 0 | AL902: Beneficiaross | AU902: Dimensión | AV902: =(AX5) -> 0 | AX902: Beneficiaross
K904: Valoración de la variable | L904: =MAX(S19:S21) -> 0 | M904: =IF(L2104=S19,O19,IF(L2104=S20,O20,IF(L2104=S21,O21,"algo esta mal"))) -> 0 | W904: Valoración de la variable | X904: =MAX(AE19:AE21) -> 0 | Y904: =IF(X2104=AE19,AA19,IF(X2104=AE20,AA20,IF(X2104=AE21,AA21,"algo esta mal"))) -> 0 | AI904: Valoración de la variable | AJ904: =MAX(AQ19:AQ21) -> 0 | AK904: =IF(AJ2104=AQ19,AM19,IF(AJ2104=AQ20,AM20,IF(AJ2104=AQ21,AM21,"algo esta mal"))) -> 0 | AU904: Valoración de la variable | AV904: =MAX(BC19:BC21) -> 0 | AW904: =IF(AV2104=BC19,AY19,IF(AV2104=BC20,AY20,IF(AV2104=BC21,AY21,"algo esta mal"))) -> 0
M905: Preguntas Originales | N905: Enunciados Para Palafraseo | O905: Totalmente en desacuerdo | P905: En desacuerdo | Q905: Ni de acuerdo ni en desacuerdo | R905: De acuerdo | S905: Totalmente de acuerdo | Y905: Preguntas Originales | Z905: Enunciados Para Palafraseo | AA905: Totalmente en desacuerdo | AB905: En desacuerdo | AC905: Ni de acuerdo ni en desacuerdo | AD905: De acuerdo | AE905: Totalmente de acuerdo | AK905: Preguntas Originales | AL905: Enunciados Para Palafraseo | AM905: Totalmente en desacuerdo | AN905: En desacuerdo | AO905: Ni de acuerdo ni en desacuerdo | AP905: De acuerdo | AQ905: Totalmente de acuerdo
M906: x | N906: x | O906: =('Gestión de abastecimiento'!B306) -> 0 | P906: =('Gestión de abastecimiento'!B307) -> 0 | Q906: =('Gestión de abastecimiento'!B308) -> 0 | R906: =('Gestión de abastecimiento'!B309) -> 0 | S906: =('Gestión de abastecimiento'!B310) -> 0 | Y906: x | Z906: x | AA906: =('Gestión de abastecimiento'!H306) -> 0 | AB906: =('Gestión de abastecimiento'!H307) -> 0 | AC906: =('Gestión de abastecimiento'!H308) -> 0 | AD906: =('Gestión de abastecimiento'!H309) -> 0 | AE906: =('Gestión de abastecimiento'!H310) -> 0 | AK906: x | AL906: x | AM906: =('Gestión de abastecimiento'!N306) -> 0 | AN906: =('Gestión de abastecimiento'!N307) -> 0 | AO906: =('Gestión de abastecimiento'!N308) -> 0 | AP906: =('Gestión de abastecimiento'!N309) -> 0 | AQ906: =('Gestión de abastecimiento'!N310) -> 0
M907: x | N907: x | O907: =('Gestión de abastecimiento'!C306) -> 0 | P907: =('Gestión de abastecimiento'!C307) -> 0 | Q907: =('Gestión de abastecimiento'!C308) -> 0 | R907: =('Gestión de abastecimiento'!C309) -> 0 | S907: =('Gestión de abastecimiento'!C310) -> 0 | Y907: x | Z907: x | AA907: =('Gestión de abastecimiento'!I306) -> 0 | AB907: =('Gestión de abastecimiento'!I307) -> 0 | AC907: =('Gestión de abastecimiento'!I308) -> 0 | AD907: =('Gestión de abastecimiento'!I309) -> 0 | AE907: =('Gestión de abastecimiento'!I310) -> 0 | AK907: x | AL907: x | AM907: =('Gestión de abastecimiento'!O306) -> 0 | AN907: =('Gestión de abastecimiento'!O307) -> 0 | AO907: =('Gestión de abastecimiento'!O308) -> 0 | AP907: =('Gestión de abastecimiento'!O309) -> 0 | AQ907: =('Gestión de abastecimiento'!O310) -> 0
M908: x | N908: x | O908: =('Gestión de abastecimiento'!D306) -> 0 | P908: =('Gestión de abastecimiento'!D307) -> 0 | Q908: =('Gestión de abastecimiento'!D308) -> 0 | R908: =('Gestión de abastecimiento'!D309) -> 0 | S908: =('Gestión de abastecimiento'!D310) -> 0 | Y908: x | AA908: =('Gestión de abastecimiento'!J306) -> 0 | AB908: =('Gestión de abastecimiento'!J307) -> 0 | AC908: =('Gestión de abastecimiento'!J308) -> 0 | AD908: =('Gestión de abastecimiento'!J309) -> 0 | AE908: =('Gestión de abastecimiento'!J310) -> 0 | AK908: x | AL908: x | AM908: =('Gestión de abastecimiento'!P306) -> 0 | AN908: =('Gestión de abastecimiento'!P307) -> 0 | AO908: =('Gestión de abastecimiento'!P308) -> 0 | AP908: =('Gestión de abastecimiento'!P309) -> 0 | AQ908: =('Gestión de abastecimiento'!P310) -> 0
M909: x | O909: =('Gestión de abastecimiento'!E306) -> 0 | P909: =('Gestión de abastecimiento'!E307) -> 0 | Q909: =('Gestión de abastecimiento'!E308) -> 0 | R909: =('Gestión de abastecimiento'!E309) -> 0 | S909: =('Gestión de abastecimiento'!E310) -> 0 | Y909: x | Z909: x | AA909: =('Gestión de abastecimiento'!K306) -> 0 | AB909: =('Gestión de abastecimiento'!K307) -> 0 | AC909: =('Gestión de abastecimiento'!K308) -> 0 | AD909: =('Gestión de abastecimiento'!K309) -> 0 | AE909: =('Gestión de abastecimiento'!K310) -> 0 | AK909: x | AL909: x | AM909: =('Gestión de abastecimiento'!Q306) -> 0 | AN909: =('Gestión de abastecimiento'!Q307) -> 0 | AO909: =('Gestión de abastecimiento'!Q308) -> 0 | AP909: =('Gestión de abastecimiento'!Q309) -> 0 | AQ909: =('Gestión de abastecimiento'!Q310) -> 0
N910: x | O910: =('Gestión de abastecimiento'!F306) -> 0 | P910: =('Gestión de abastecimiento'!F307) -> 0 | Q910: =('Gestión de abastecimiento'!F308) -> 0 | R910: =('Gestión de abastecimiento'!F309) -> 0 | S910: =('Gestión de abastecimiento'!F310) -> 0 | Y910: x | Z910: x | AA910: =('Gestión de abastecimiento'!L306) -> 0 | AB910: =('Gestión de abastecimiento'!L307) -> 0 | AC910: =('Gestión de abastecimiento'!L308) -> 0 | AD910: =('Gestión de abastecimiento'!L309) -> 0 | AE910: =('Gestión de abastecimiento'!L310) -> 0 | AK910: x | AL910: x | AM910: =('Gestión de abastecimiento'!R306) -> 0 | AN910: =('Gestión de abastecimiento'!R307) -> 0 | AO910: =('Gestión de abastecimiento'!R308) -> 0 | AP910: =('Gestión de abastecimiento'!R309) -> 0 | AQ910: =('Gestión de abastecimiento'!R310) -> 0
M911: x | N911: x | O911: =('Gestión de abastecimiento'!G306) -> 0 | P911: =('Gestión de abastecimiento'!G307) -> 0 | Q911: =('Gestión de abastecimiento'!G308) -> 0 | R911: =('Gestión de abastecimiento'!G309) -> 0 | S911: =('Gestión de abastecimiento'!G310) -> 0 | Y911: x | Z911: x | AA911: =('Gestión de abastecimiento'!M306) -> 0 | AB911: =('Gestión de abastecimiento'!M307) -> 0 | AC911: =('Gestión de abastecimiento'!M308) -> 0 | AD911: =('Gestión de abastecimiento'!M309) -> 0 | AE911: =('Gestión de abastecimiento'!M310) -> 0 | AK911: x | AL911: x | AM911: =('Gestión de abastecimiento'!S306) -> 0 | AN911: =('Gestión de abastecimiento'!S307) -> 0 | AO911: =('Gestión de abastecimiento'!S308) -> 0 | AP911: =('Gestión de abastecimiento'!S309) -> 0 | AQ911: =('Gestión de abastecimiento'!S310) -> 0
M1015: Enunciados Para Palafraseo | N1015: =CONCATENATE(O905," y ",P905) -> 0 | O1015: =(Q905) -> 0 | P1015: =CONCATENATE(R905," y ",S905) -> 0 | Q1015: MÁXIMO | R1015: Valores | S1015: codificación de verbos aleatorios para concatenar | T1015: verbo | U1015: Concatenación | Y1015: Enunciados Para Palafraseo | Z1015: =CONCATENATE(AA905," y ",AB905) -> 0 | AA1015: =(AC905) -> 0 | AB1015: =CONCATENATE(AD905," y ",AE905) -> 0 | AC1015: MÁXIMO | AD1015: Valores | AE1015: codificación de verbos aleatorios para concatenar | AF1015: verbo | AG1015: Concatenación | AK1015: Enunciados Para Palafraseo | AL1015: =CONCATENATE(AM905," y ",AN905) -> 0 | AM1015: =(AO905) -> 0 | AN1015: =CONCATENATE(AP905," y ",AQ905) -> 0 | AO1015: MÁXIMO | AP1015: Valores | AQ1015: codificación de verbos aleatorios para concatenar | AR1015: verbo | AS1015: Concatenación | AW1015: dimensión | AX1015: Bajo | AY1015: Medio | AZ1015: Alto | BA1015: MÁXIMO | BB1015: Valor | BC1015: codificación de verbos | BD1015: Verbo | BE1015: codificación de conectores | BF1015: Conectores | BG1015: codificación de unidades de medida | BH1015: Unidades de medida | BI1015: Concatenación
M1016: =(N906) -> 0 | N1016: =SUM(O906:P906) -> 0 | O1016: =(Q906) -> 0 | P1016: =SUM(R906:S906) -> 0 | Q1016: =MAX(N1016:P1016) -> 0 | R1016: =IF(Q1016=N1016,$N$1015,IF(Q1016=O1016,$O$1015,IF(Q1016=P1016,$P$1015,"ALGO ESTA MAL"))) -> 0 | S1016: =RANDBETWEEN(1,10) -> 0 | T1016: =IF(S1016=$T$1100,$U$1100,IF(S1016=$T$1101,$U$1101,IF(S1016=$T$1102,$U$1102,IF(S1016=$T$1103,$U$1103,IF(S1016=$T$1104,$U$1104,IF(S1016=$T$1105,$U$1105,IF(S1016=$T$1106,$U$1106,IF(S1016=$T$1107,$U$1107,IF(S1016=$T$1108,$U$1108,IF(S1016=$T$1109,$U$1109,"algo esta mal")))))))))) -> 0 | U1016: =CONCATENATE("el ",ROUND(Q1016*100,0),"% ",T1016," como ",R1016 ) -> 0 | Y1016: =(Z906) -> 0 | Z1016: =SUM(AA906:AB906) -> 0 | AA1016: =(AC906) -> 0 | AB1016: =SUM(AD906:AE906) -> 0 | AC1016: =MAX(Z1016:AB1016) -> 0 | AD1016: =IF(AC1016=Z1016,$Z$1015,IF(AC1016=AA1016,$AA$1015,IF(AC1016=AB1016,$AB$1015,"ALGO ESTA MAL"))) -> 0 | AE1016: =RANDBETWEEN(1,10) -> 0 | AF1016: =IF(AE1016=$AF$1100,$AG$1100,IF(AE1016=$AF$1101,$AG$1101,IF(AE1016=$AF$1102,$AG$1102,IF(AE1016=$AF$1103,$AG$1103,IF(AE1016=$AF$1104,$AG$1104,IF(AE1016=$AF$1105,$AG$1105,IF(AE1016=$AF$1106,$AG$1106,IF(AE1016=$AF$1107,$AG$1107,IF(AE1016=$AF$1108,$AG$1108,IF(AE1016=$AF$1109,$AG$1109,"algo esta mal")))))))))) -> 0 | AG1016: =CONCATENATE("el ",ROUND(AC1016*100,0),"% ",AF1016," como ",AD1016 ) -> 0 | AK1016: =(AL906) -> 0 | AL1016: =SUM(AM906:AN906) -> 0 | AM1016: =(AO906) -> 0 | AN1016: =SUM(AP906:AQ906) -> 0 | AO1016: =MAX(AL1016:AN1016) -> 0 | AP1016: =IF(AO1016=AL1016,$AL$1015,IF(AO1016=AM1016,$AM$1015,IF(AO1016=AN1016,$AN$1015,"ALGO ESTA MAL"))) -> 0 | AQ1016: =RANDBETWEEN(1,10) -> 0 | AR1016: =IF(AQ1016=$AR$1100,$AS$1100,IF(AQ1016=$AR$1101,$AS$1101,IF(AQ1016=$AR$1102,$AS$1102,IF(AQ1016=$AR$1103,$AS$1103,IF(AQ1016=$AR$1104,$AS$1104,IF(AQ1016=$AR$1105,$AS$1105,IF(AQ1016=$AR$1106,$AS$1106,IF(AQ1016=$AR$1107,$AS$1107,IF(AQ1016=$AR$1108,$AS$1108,IF(AQ1016=$AR$1109,$AS$1109,"algo esta mal")))))))))) -> 0 | AS1016: =CONCATENATE("el ",ROUND(AO1016*100,0),"% ",AR1016," como ",AP1016 ) -> 0 | AW1016: =(O16) -> 0 | AX1016: =(S19) -> 0 | AY1016: =(S20) -> 0 | AZ1016: =(S21) -> 0 | BA1016: =MAX(AX1016:AZ1016) -> 0 | BB1016: =IF(BA1016=AX1016,$AX$1015,IF(BA1016=AY1016,$AY$1015,IF(BA1016=AZ1016,$AZ$1015,"algo esta mal"))) -> 0 | BC1016: =RANDBETWEEN(1,10) -> 0 | BD1016: =IF(BC1016=$BD$1100,$BE$1100,IF(BC1016=$BD$1101,$BE$1101,IF(BC1016=$BD$1102,$BE$1102,IF(BC1016=$BD$1103,$BE$1103,IF(BC1016=$BD$1104,$BE$1104,IF(BC1016=$BD$1105,$BE$1105,IF(BC1016=$BD$1106,$BE$1106,IF(BC1016=$BD$1107,$BE$1107,IF(BC1016=$BD$1108,$BE$1108,IF(BC1016=$BD$1109,$BE$1109,"algo esta mal")))))))))) -> 0 | BE1016: =RANDBETWEEN(1,7) -> 0 | BF1016: =IF(BE1016=$BD$1110,$BE$1110,IF(BE1016=$BD$1111,$BE$1111,IF(BE1016=$BD$1112,$BE$1112,IF(BE1016=$BD$1113,$BE$1113,IF(BE1016=$BD$1114,$BE$1114,IF(BE1016=$BD$1115,$BE$1115,IF(BE1016=$BD$1116,$BE$1116,IF(BE1016=$BD$1047,$BE$1047,IF(BE1016=$BD$1048,$BE$1048,IF(BE1016=$BD$1049,$BE$1049,"algo esta mal")))))))))) -> 0 | BG1016: =RANDBETWEEN(1,2) -> 0 | BH1016: =IF(BG1016=$BD$1120,$BE$1120,IF(BG1016=$BD$1121,$BE$1121,"algo esta mal")) -> 0 | BI1016: =CONCATENATE("el ",ROUND(BA1016*100,0),"% de los ",BH1016," ",BD1016," a la dimensión ",AW1016," como ",BB1016,", ",BF1016) -> 0
M1017: =(N907) -> 0 | N1017: =SUM(O907:P907) -> 0 | O1017: =(Q907) -> 0 | P1017: =SUM(R907:S907) -> 0 | Q1017: =MAX(N1017:P1017) -> 0 | R1017: =IF(Q1017=N1017,$N$1015,IF(Q1017=O1017,$O$1015,IF(Q1017=P1017,$P$1015,"ALGO ESTA MAL"))) -> 0 | S1017: =RANDBETWEEN(1,10) -> 0 | T1017: =IF(S1017=$T$1100,$U$1100,IF(S1017=$T$1101,$U$1101,IF(S1017=$T$1102,$U$1102,IF(S1017=$T$1103,$U$1103,IF(S1017=$T$1104,$U$1104,IF(S1017=$T$1105,$U$1105,IF(S1017=$T$1106,$U$1106,IF(S1017=$T$1107,$U$1107,IF(S1017=$T$1108,$U$1108,IF(S1017=$T$1109,$U$1109,"algo esta mal")))))))))) -> 0 | U1017: =CONCATENATE("el ",ROUND(Q1017*100,0),"% de los ",T1017," como ",R1017) -> 0 | Y1017: =(Z907) -> 0 | Z1017: =SUM(AA907:AB907) -> 0 | AA1017: =(AC907) -> 0 | AB1017: =SUM(AD907:AE907) -> 0 | AC1017: =MAX(Z1017:AB1017) -> 0 | AD1017: =IF(AC1017=Z1017,$Z$1015,IF(AC1017=AA1017,$AA$1015,IF(AC1017=AB1017,$AB$1015,"ALGO ESTA MAL"))) -> 0 | AE1017: =RANDBETWEEN(1,10) -> 0 | AF1017: =IF(AE1017=$AF$1100,$AG$1100,IF(AE1017=$AF$1101,$AG$1101,IF(AE1017=$AF$1102,$AG$1102,IF(AE1017=$AF$1103,$AG$1103,IF(AE1017=$AF$1104,$AG$1104,IF(AE1017=$AF$1105,$AG$1105,IF(AE1017=$AF$1106,$AG$1106,IF(AE1017=$AF$1107,$AG$1107,IF(AE1017=$AF$1108,$AG$1108,IF(AE1017=$AF$1109,$AG$1109,"algo esta mal")))))))))) -> 0 | AG1017: =CONCATENATE("el ",ROUND(AC1017*100,0),"% de los ",AF1017," como ",AD1017) -> 0 | AK1017: =(AL907) -> 0 | AL1017: =SUM(AM907:AN907) -> 0 | AM1017: =(AO907) -> 0 | AN1017: =SUM(AP907:AQ907) -> 0 | AO1017: =MAX(AL1017:AN1017) -> 0 | AP1017: =IF(AO1017=AL1017,$AL$1015,IF(AO1017=AM1017,$AM$1015,IF(AO1017=AN1017,$AN$1015,"ALGO ESTA MAL"))) -> 0 | AQ1017: =RANDBETWEEN(1,10) -> 0 | AR1017: =IF(AQ1017=$AR$1100,$AS$1100,IF(AQ1017=$AR$1101,$AS$1101,IF(AQ1017=$AR$1102,$AS$1102,IF(AQ1017=$AR$1103,$AS$1103,IF(AQ1017=$AR$1104,$AS$1104,IF(AQ1017=$AR$1105,$AS$1105,IF(AQ1017=$AR$1106,$AS$1106,IF(AQ1017=$AR$1107,$AS$1107,IF(AQ1017=$AR$1108,$AS$1108,IF(AQ1017=$AR$1109,$AS$1109,"algo esta mal")))))))))) -> 0 | AS1017: =CONCATENATE("el ",ROUND(AO1017*100,0),"% de los ",AR1017," como ",AP1017) -> 0 | AW1017: =(AA16) -> 0 | AX1017: =(AE19) -> 0 | AY1017: =(AE20) -> 0 | AZ1017: =(AE21) -> 0 | BA1017: =MAX(AX1017:AZ1017) -> 0 | BB1017: =IF(BA1017=AX1017,$AX$1015,IF(BA1017=AY1017,$AY$1015,IF(BA1017=AZ1017,$AZ$1015,"algo esta mal"))) -> 0 | BC1017: =RANDBETWEEN(1,10) -> 0 | BD1017: =IF(BC1017=$BD$1100,$BE$1100,IF(BC1017=$BD$1101,$BE$1101,IF(BC1017=$BD$1102,$BE$1102,IF(BC1017=$BD$1103,$BE$1103,IF(BC1017=$BD$1104,$BE$1104,IF(BC1017=$BD$1105,$BE$1105,IF(BC1017=$BD$1106,$BE$1106,IF(BC1017=$BD$1107,$BE$1107,IF(BC1017=$BD$1108,$BE$1108,IF(BC1017=$BD$1109,$BE$1109,"algo esta mal")))))))))) -> 0 | BE1017: =RANDBETWEEN(1,7) -> 0 | BF1017: =IF(BE1017=$BD$1110,$BE$1110,IF(BE1017=$BD$1111,$BE$1111,IF(BE1017=$BD$1112,$BE$1112,IF(BE1017=$BD$1113,$BE$1113,IF(BE1017=$BD$1114,$BE$1114,IF(BE1017=$BD$1115,$BE$1115,IF(BE1017=$BD$1116,$BE$1116,IF(BE1017=$BD$1047,$BE$1047,IF(BE1017=$BD$1048,$BE$1048,IF(BE1017=$BD$1049,$BE$1049,"algo esta mal")))))))))) -> 0 | BG1017: =RANDBETWEEN(1,2) -> 0 | BH1017: =IF(BG1017=$BD$1120,$BE$1120,IF(BG1017=$BD$1121,$BE$1121,"algo esta mal")) -> 0 | BI1017: =CONCATENATE("el ",ROUND(BA1017*100,0),"% de los ",BH1017," ",BD1017," a la dimensión ",AW1017," como ",BB1017,", ",BF1017) -> 0
M1018: =(N908) -> 0 | N1018: =SUM(O908:P908) -> 0 | O1018: =(Q908) -> 0 | P1018: =SUM(R908:S908) -> 0 | Q1018: =MAX(N1018:P1018) -> 0 | R1018: =IF(Q1018=N1018,$N$1015,IF(Q1018=O1018,$O$1015,IF(Q1018=P1018,$P$1015,"ALGO ESTA MAL"))) -> 0 | S1018: =RANDBETWEEN(1,10) -> 0 | T1018: =IF(S1018=$T$1100,$U$1100,IF(S1018=$T$1101,$U$1101,IF(S1018=$T$1102,$U$1102,IF(S1018=$T$1103,$U$1103,IF(S1018=$T$1104,$U$1104,IF(S1018=$T$1105,$U$1105,IF(S1018=$T$1106,$U$1106,IF(S1018=$T$1107,$U$1107,IF(S1018=$T$1108,$U$1108,IF(S1018=$T$1109,$U$1109,"algo esta mal")))))))))) -> 0 | U1018: =CONCATENATE("el ",ROUND(Q1018*100,0),"% ",T1018," como ",R1018 ) -> 0 | Y1018: =(Z908) -> 0 | Z1018: =SUM(AA908:AB908) -> 0 | AA1018: =(AC908) -> 0 | AB1018: =SUM(AD908:AE908) -> 0 | AC1018: =MAX(Z1018:AB1018) -> 0 | AD1018: =IF(AC1018=Z1018,$Z$1015,IF(AC1018=AA1018,$AA$1015,IF(AC1018=AB1018,$AB$1015,"ALGO ESTA MAL"))) -> 0 | AE1018: =RANDBETWEEN(1,10) -> 0 | AF1018: =IF(AE1018=$AF$1100,$AG$1100,IF(AE1018=$AF$1101,$AG$1101,IF(AE1018=$AF$1102,$AG$1102,IF(AE1018=$AF$1103,$AG$1103,IF(AE1018=$AF$1104,$AG$1104,IF(AE1018=$AF$1105,$AG$1105,IF(AE1018=$AF$1106,$AG$1106,IF(AE1018=$AF$1107,$AG$1107,IF(AE1018=$AF$1108,$AG$1108,IF(AE1018=$AF$1109,$AG$1109,"algo esta mal")))))))))) -> 0 | AG1018: =CONCATENATE("el ",ROUND(AC1018*100,0),"% ",AF1018," como ",AD1018 ) -> 0 | AK1018: =(AL908) -> 0 | AL1018: =SUM(AM908:AN908) -> 0 | AM1018: =(AO908) -> 0 | AN1018: =SUM(AP908:AQ908) -> 0 | AO1018: =MAX(AL1018:AN1018) -> 0 | AP1018: =IF(AO1018=AL1018,$AL$1015,IF(AO1018=AM1018,$AM$1015,IF(AO1018=AN1018,$AN$1015,"ALGO ESTA MAL"))) -> 0 | AQ1018: =RANDBETWEEN(1,10) -> 0 | AR1018: =IF(AQ1018=$AR$1100,$AS$1100,IF(AQ1018=$AR$1101,$AS$1101,IF(AQ1018=$AR$1102,$AS$1102,IF(AQ1018=$AR$1103,$AS$1103,IF(AQ1018=$AR$1104,$AS$1104,IF(AQ1018=$AR$1105,$AS$1105,IF(AQ1018=$AR$1106,$AS$1106,IF(AQ1018=$AR$1107,$AS$1107,IF(AQ1018=$AR$1108,$AS$1108,IF(AQ1018=$AR$1109,$AS$1109,"algo esta mal")))))))))) -> 0 | AS1018: =CONCATENATE("el ",ROUND(AO1018*100,0),"% ",AR1018," como ",AP1018 ) -> 0 | AW1018: =(AM16) -> 0 | AX1018: =(AQ19) -> 0 | AY1018: =(AQ20) -> 0 | AZ1018: =(AQ21) -> 0 | BA1018: =MAX(AX1018:AZ1018) -> 0 | BB1018: =IF(BA1018=AX1018,$AX$1015,IF(BA1018=AY1018,$AY$1015,IF(BA1018=AZ1018,$AZ$1015,"algo esta mal"))) -> 0 | BC1018: =RANDBETWEEN(1,10) -> 0 | BD1018: =IF(BC1018=$BD$1100,$BE$1100,IF(BC1018=$BD$1101,$BE$1101,IF(BC1018=$BD$1102,$BE$1102,IF(BC1018=$BD$1103,$BE$1103,IF(BC1018=$BD$1104,$BE$1104,IF(BC1018=$BD$1105,$BE$1105,IF(BC1018=$BD$1106,$BE$1106,IF(BC1018=$BD$1107,$BE$1107,IF(BC1018=$BD$1108,$BE$1108,IF(BC1018=$BD$1109,$BE$1109,"algo esta mal")))))))))) -> 0 | BE1018: =RANDBETWEEN(1,7) -> 0 | BF1018: =IF(BE1018=$BD$1110,$BE$1110,IF(BE1018=$BD$1111,$BE$1111,IF(BE1018=$BD$1112,$BE$1112,IF(BE1018=$BD$1113,$BE$1113,IF(BE1018=$BD$1114,$BE$1114,IF(BE1018=$BD$1115,$BE$1115,IF(BE1018=$BD$1116,$BE$1116,IF(BE1018=$BD$1047,$BE$1047,IF(BE1018=$BD$1048,$BE$1048,IF(BE1018=$BD$1049,$BE$1049,"algo esta mal")))))))))) -> 0 | BG1018: =RANDBETWEEN(1,2) -> 0 | BH1018: =IF(BG1018=$BD$1120,$BE$1120,IF(BG1018=$BD$1121,$BE$1121,"algo esta mal")) -> 0 | BI1018: =CONCATENATE("el ",ROUND(BA1018*100,0),"% de los ",BH1018," ",BD1018," a la dimensión ",AW1018," como ",BB1018,", ",BF1018) -> 0
M1019: =(N909) -> 0 | N1019: =SUM(O909:P909) -> 0 | O1019: =(Q909) -> 0 | P1019: =SUM(R909:S909) -> 0 | Q1019: =MAX(N1019:P1019) -> 0 | R1019: =IF(Q1019=N1019,$N$1015,IF(Q1019=O1019,$O$1015,IF(Q1019=P1019,$P$1015,"ALGO ESTA MAL"))) -> 0 | S1019: =RANDBETWEEN(1,10) -> 0 | T1019: =IF(S1019=$T$1100,$U$1100,IF(S1019=$T$1101,$U$1101,IF(S1019=$T$1102,$U$1102,IF(S1019=$T$1103,$U$1103,IF(S1019=$T$1104,$U$1104,IF(S1019=$T$1105,$U$1105,IF(S1019=$T$1106,$U$1106,IF(S1019=$T$1107,$U$1107,IF(S1019=$T$1108,$U$1108,IF(S1019=$T$1109,$U$1109,"algo esta mal")))))))))) -> 0 | U1019: =CONCATENATE("el ",ROUND(Q1019*100,0),"% de los ",T1019," como ",R1019) -> 0 | Y1019: =(Z909) -> 0 | Z1019: =SUM(AA909:AB909) -> 0 | AA1019: =(AC909) -> 0 | AB1019: =SUM(AD909:AE909) -> 0 | AC1019: =MAX(Z1019:AB1019) -> 0 | AD1019: =IF(AC1019=Z1019,$Z$1015,IF(AC1019=AA1019,$AA$1015,IF(AC1019=AB1019,$AB$1015,"ALGO ESTA MAL"))) -> 0 | AE1019: =RANDBETWEEN(1,10) -> 0 | AF1019: =IF(AE1019=$AF$1100,$AG$1100,IF(AE1019=$AF$1101,$AG$1101,IF(AE1019=$AF$1102,$AG$1102,IF(AE1019=$AF$1103,$AG$1103,IF(AE1019=$AF$1104,$AG$1104,IF(AE1019=$AF$1105,$AG$1105,IF(AE1019=$AF$1106,$AG$1106,IF(AE1019=$AF$1107,$AG$1107,IF(AE1019=$AF$1108,$AG$1108,IF(AE1019=$AF$1109,$AG$1109,"algo esta mal")))))))))) -> 0 | AG1019: =CONCATENATE("el ",ROUND(AC1019*100,0),"% de los ",AF1019," como ",AD1019) -> 0 | AK1019: =(AL909) -> 0 | AL1019: =SUM(AM909:AN909) -> 0 | AM1019: =(AO909) -> 0 | AN1019: =SUM(AP909:AQ909) -> 0 | AO1019: =MAX(AL1019:AN1019) -> 0 | AP1019: =IF(AO1019=AL1019,$AL$1015,IF(AO1019=AM1019,$AM$1015,IF(AO1019=AN1019,$AN$1015,"ALGO ESTA MAL"))) -> 0 | AQ1019: =RANDBETWEEN(1,10) -> 0 | AR1019: =IF(AQ1019=$AR$1100,$AS$1100,IF(AQ1019=$AR$1101,$AS$1101,IF(AQ1019=$AR$1102,$AS$1102,IF(AQ1019=$AR$1103,$AS$1103,IF(AQ1019=$AR$1104,$AS$1104,IF(AQ1019=$AR$1105,$AS$1105,IF(AQ1019=$AR$1106,$AS$1106,IF(AQ1019=$AR$1107,$AS$1107,IF(AQ1019=$AR$1108,$AS$1108,IF(AQ1019=$AR$1109,$AS$1109,"algo esta mal")))))))))) -> 0 | AS1019: =CONCATENATE("el ",ROUND(AO1019*100,0),"% de los ",AR1019," como ",AP1019) -> 0
M1020: =(N910) -> 0 | N1020: =SUM(O910:P910) -> 0 | O1020: =(Q910) -> 0 | P1020: =SUM(R910:S910) -> 0 | Q1020: =MAX(N1020:P1020) -> 0 | R1020: =IF(Q1020=N1020,$N$1015,IF(Q1020=O1020,$O$1015,IF(Q1020=P1020,$P$1015,"ALGO ESTA MAL"))) -> 0 | S1020: =RANDBETWEEN(1,10) -> 0 | T1020: =IF(S1020=$T$1100,$U$1100,IF(S1020=$T$1101,$U$1101,IF(S1020=$T$1102,$U$1102,IF(S1020=$T$1103,$U$1103,IF(S1020=$T$1104,$U$1104,IF(S1020=$T$1105,$U$1105,IF(S1020=$T$1106,$U$1106,IF(S1020=$T$1107,$U$1107,IF(S1020=$T$1108,$U$1108,IF(S1020=$T$1109,$U$1109,"algo esta mal")))))))))) -> 0 | U1020: =CONCATENATE("el ",ROUND(Q1020*100,0),"% ",T1020," como ",R1020) -> 0 | Y1020: =(Z910) -> 0 | Z1020: =SUM(AA910:AB910) -> 0 | AA1020: =(AC910) -> 0 | AB1020: =SUM(AD910:AE910) -> 0 | AC1020: =MAX(Z1020:AB1020) -> 0 | AD1020: =IF(AC1020=Z1020,$Z$1015,IF(AC1020=AA1020,$AA$1015,IF(AC1020=AB1020,$AB$1015,"ALGO ESTA MAL"))) -> 0 | AE1020: =RANDBETWEEN(1,10) -> 0 | AF1020: =IF(AE1020=$AF$1100,$AG$1100,IF(AE1020=$AF$1101,$AG$1101,IF(AE1020=$AF$1102,$AG$1102,IF(AE1020=$AF$1103,$AG$1103,IF(AE1020=$AF$1104,$AG$1104,IF(AE1020=$AF$1105,$AG$1105,IF(AE1020=$AF$1106,$AG$1106,IF(AE1020=$AF$1107,$AG$1107,IF(AE1020=$AF$1108,$AG$1108,IF(AE1020=$AF$1109,$AG$1109,"algo esta mal")))))))))) -> 0 | AG1020: =CONCATENATE("el ",ROUND(AC1020*100,0),"% ",AF1020," como ",AD1020) -> 0 | AK1020: =(AL910) -> 0 | AL1020: =SUM(AM910:AN910) -> 0 | AM1020: =(AO910) -> 0 | AN1020: =SUM(AP910:AQ910) -> 0 | AO1020: =MAX(AL1020:AN1020) -> 0 | AP1020: =IF(AO1020=AL1020,$AL$1015,IF(AO1020=AM1020,$AM$1015,IF(AO1020=AN1020,$AN$1015,"ALGO ESTA MAL"))) -> 0 | AQ1020: =RANDBETWEEN(1,10) -> 0 | AR1020: =IF(AQ1020=$AR$1100,$AS$1100,IF(AQ1020=$AR$1101,$AS$1101,IF(AQ1020=$AR$1102,$AS$1102,IF(AQ1020=$AR$1103,$AS$1103,IF(AQ1020=$AR$1104,$AS$1104,IF(AQ1020=$AR$1105,$AS$1105,IF(AQ1020=$AR$1106,$AS$1106,IF(AQ1020=$AR$1107,$AS$1107,IF(AQ1020=$AR$1108,$AS$1108,IF(AQ1020=$AR$1109,$AS$1109,"algo esta mal")))))))))) -> 0 | AS1020: =CONCATENATE("el ",ROUND(AO1020*100,0),"% ",AR1020," como ",AP1020) -> 0
M1021: =(N911) -> 0 | N1021: =SUM(O911:P911) -> 0 | O1021: =(Q911) -> 0 | P1021: =SUM(R911:S911) -> 0 | Q1021: =MAX(N1021:P1021) -> 0 | R1021: =IF(Q1021=N1021,$N$1015,IF(Q1021=O1021,$O$1015,IF(Q1021=P1021,$P$1015,"ALGO ESTA MAL"))) -> 0 | S1021: =RANDBETWEEN(1,10) -> 0 | T1021: =IF(S1021=$T$1100,$U$1100,IF(S1021=$T$1101,$U$1101,IF(S1021=$T$1102,$U$1102,IF(S1021=$T$1103,$U$1103,IF(S1021=$T$1104,$U$1104,IF(S1021=$T$1105,$U$1105,IF(S1021=$T$1106,$U$1106,IF(S1021=$T$1107,$U$1107,IF(S1021=$T$1108,$U$1108,IF(S1021=$T$1109,$U$1109,"algo esta mal")))))))))) -> 0 | U1021: =CONCATENATE("el ",ROUND(Q1021*100,0),"% ",T1021," como ",R1021) -> 0 | Y1021: =(Z911) -> 0 | Z1021: =SUM(AA911:AB911) -> 0 | AA1021: =(AC911) -> 0 | AB1021: =SUM(AD911:AE911) -> 0 | AC1021: =MAX(Z1021:AB1021) -> 0 | AD1021: =IF(AC1021=Z1021,$Z$1015,IF(AC1021=AA1021,$AA$1015,IF(AC1021=AB1021,$AB$1015,"ALGO ESTA MAL"))) -> 0 | AE1021: =RANDBETWEEN(1,10) -> 0 | AF1021: =IF(AE1021=$AF$1100,$AG$1100,IF(AE1021=$AF$1101,$AG$1101,IF(AE1021=$AF$1102,$AG$1102,IF(AE1021=$AF$1103,$AG$1103,IF(AE1021=$AF$1104,$AG$1104,IF(AE1021=$AF$1105,$AG$1105,IF(AE1021=$AF$1106,$AG$1106,IF(AE1021=$AF$1107,$AG$1107,IF(AE1021=$AF$1108,$AG$1108,IF(AE1021=$AF$1109,$AG$1109,"algo esta mal")))))))))) -> 0 | AG1021: =CONCATENATE("el ",ROUND(AC1021*100,0),"% ",AF1021," como ",AD1021) -> 0 | AK1021: =(AL911) -> 0 | AL1021: =SUM(AM911:AN911) -> 0 | AM1021: =(AO911) -> 0 | AN1021: =SUM(AP911:AQ911) -> 0 | AO1021: =MAX(AL1021:AN1021) -> 0 | AP1021: =IF(AO1021=AL1021,$AL$1015,IF(AO1021=AM1021,$AM$1015,IF(AO1021=AN1021,$AN$1015,"ALGO ESTA MAL"))) -> 0 | AQ1021: =RANDBETWEEN(1,10) -> 0 | AR1021: =IF(AQ1021=$AR$1100,$AS$1100,IF(AQ1021=$AR$1101,$AS$1101,IF(AQ1021=$AR$1102,$AS$1102,IF(AQ1021=$AR$1103,$AS$1103,IF(AQ1021=$AR$1104,$AS$1104,IF(AQ1021=$AR$1105,$AS$1105,IF(AQ1021=$AR$1106,$AS$1106,IF(AQ1021=$AR$1107,$AS$1107,IF(AQ1021=$AR$1108,$AS$1108,IF(AQ1021=$AR$1109,$AS$1109,"algo esta mal")))))))))) -> 0 | AS1021: =CONCATENATE("el ",ROUND(AO1021*100,0),"% ",AR1021," como ",AP1021) -> 0
T1100: 1 | U1100: valoró | AF1100: 1 | AG1100: valoró | AR1100: 1 | AS1100: valoró | BD1100: 1 | BE1100: valoró
T1101: 2 | U1101: calificó | AF1101: 2 | AG1101: calificó | AR1101: 2 | AS1101: calificó | BD1101: 2 | BE1101: calificó
T1102: 3 | U1102: consideró | AF1102: 3 | AG1102: consideró | AR1102: 3 | AS1102: consideró | BD1102: 3 | BE1102: consideró
T1103: 4 | U1103: respondió | AF1103: 4 | AG1103: respondió | AR1103: 4 | AS1103: respondió | BD1103: 4 | BE1103: respondió
T1104: 5 | U1104: evaluó | AF1104: 5 | AG1104: evaluó | AR1104: 5 | AS1104: evaluó | BD1104: 5 | BE1104: evaluó
T1105: 6 | U1105: determinó | AF1105: 6 | AG1105: determinó | AR1105: 6 | AS1105: determinó | BD1105: 6 | BE1105: determinó
T1106: 7 | U1106: mencionó | AF1106: 7 | AG1106: mencionó | AR1106: 7 | AS1106: mencionó | BD1106: 7 | BE1106: mencionó
T1107: 8 | U1107: apreció | AF1107: 8 | AG1107: apreció | AR1107: 8 | AS1107: apreció | BD1107: 8 | BE1107: apreció
T1108: 9 | U1108: percibió | AF1108: 9 | AG1108: percibió | AR1108: 9 | AS1108: percibió | BD1108: 9 | BE1108: percibió
T1109: 10 | U1109: Tuvo una percepción de | AF1109: 10 | AG1109: Tuvo una percepción de | AR1109: 10 | AS1109: Tuvo una percepción de | BD1109: 10 | BE1109: Tuvo una percepción de
BD1110: 1 | BE1110: asi mismo
BD1111: 2 | BE1111: por otro lado
BD1112: 3 | BE1112: por otra parte
BD1113: 4 | BE1113: ademas
BD1114: 5 | BE1114: en consecuencia
BD1115: 6 | BE1115: adicional a ello
BD1116: 7 | BE1116: por consecuencia
BD1120: 1 | BE1120: =(AX902) -> 0
BD1121: 2 | BE1121: Resultados
P2019: =N11 -> 0 | Q2019: =P19+N13 -> 0 | R2019: =COUNTIF($C$4:$C$292,$O19) -> 0 | S2019: =R2019/R2022 -> 0 | AB2019: =Z11 -> 0 | AC2019: =AB19+Z13 -> 0 | AD2019: =COUNTIF($E$4:$E$292,$AA19) -> 0 | AE2019: =AD2019/AD2022 -> 0 | AN2019: =AL11 -> 0 | AO2019: =AN19+AL13 -> 0 | AP2019: =COUNTIF($G$4:$G$292,$AM19) -> 0 | AQ2019: =AP2019/AP2022 -> 0 | AZ2019: =AX11 -> 0 | BA2019: =AZ19+AX13 - 1 -> 0 | BB2019: =COUNTIF($I$4:$I$292,$AY19) -> 0 | BC2019: =BB2019/BB2022 -> 0
P2020: =Q19+ 1 -> 0 | Q2020: =P20+N13 -> 0 | R2020: =COUNTIF($C$4:$C$292,$O20) -> 0 | S2020: =R2020/R2022 -> 0 | AB2020: =AC19+ 1 -> 0 | AC2020: =AB20+Z13 -> 0 | AD2020: =COUNTIF($E$4:$E$292,$AA20) -> 0 | AE2020: =AD2020/AD2022 -> 0 | AN2020: =AO19+ 1 -> 0 | AO2020: =AN20+AL13 -> 0 | AP2020: =COUNTIF($G$4:$G$292,$AM20) -> 0 | AQ2020: =AP2020/AP2022 -> 0 | AZ2020: =BA19+ 1 -> 0 | BA2020: =AZ20+AX13 - 1 -> 0 | BB2020: =COUNTIF($I$4:$I$292,$AY20) -> 0 | BC2020: =BB2020/BB2022 -> 0
P2021: =Q20+ 1 -> 0 | Q2021: =N10 -> 0 | R2021: =COUNTIF($C$4:$C$292,$O21) -> 0 | S2021: =R2021/R2022 -> 0 | AB2021: =AC20+ 1 -> 0 | AC2021: =Z10 -> 0 | AD2021: =COUNTIF($E$4:$E$292,$AA21) -> 0 | AE2021: =AD2021/AD2022 -> 0 | AN2021: =AO20+ 1 -> 0 | AO2021: =AL10 -> 0 | AP2021: =COUNTIF($G$4:$G$292,$AM21) -> 0 | AQ2021: =AP2021/AP2022 -> 0 | AZ2021: =BA20+ 1 -> 0 | BA2021: =AX10 -> 0 | BB2021: =COUNTIF($I$4:$I$292,$AY21) -> 0 | BC2021: =BB2021/BB2022 -> 0
R2022: =SUM(R2019:R2021) -> 0 | S2022: =SUM(S2019:S2021) -> 0 | AD2022: =SUM(AD2019:AD2021) -> 0 | AE2022: =SUM(AE2019:AE2021) -> 0 | AP2022: =SUM(AP2019:AP2021) -> 0 | AQ2022: =SUM(AQ2019:AQ2021) -> 0 | BB2022: =SUM(BB2019:BB2021) -> 0 | BC2022: =SUM(BC2019:BC2021) -> 0
K2101: Variable | L2101: =(N4) -> 0 | N2101: Unidades de Medida | W2101: Variable | X2101: =(Z4) -> 0 | Z2101: Unidades de Medida | AI2101: Variable | AJ2101: =(AL4) -> 0 | AL2101: Unidades de Medida | AU2101: Variable | AV2101: =(AX4) -> 0 | AX2101: Unidades de Medida
K2102: Dimensión | L2102: =(N5) -> 0 | N2102: Beneficiaross | W2102: Dimensión | X2102: =(Z5) -> 0 | Z2102: Beneficiaross | AI2102: Dimensión | AJ2102: =(AL5) -> 0 | AL2102: Beneficiaross | AU2102: Dimensión | AV2102: =(AX5) -> 0 | AX2102: Beneficiaross
K2104: Valoración de la variable | L2104: =MAX(S19:S21) -> 0 | M2104: =IF(L2104=S19,O19,IF(L2104=S20,O20,IF(L2104=S21,O21,"algo esta mal"))) -> 0 | W2104: Valoración de la variable | X2104: =MAX(AE19:AE21) -> 0 | Y2104: =IF(X2104=AE19,AA19,IF(X2104=AE20,AA20,IF(X2104=AE21,AA21,"algo esta mal"))) -> 0 | AI2104: Valoración de la variable | AJ2104: =MAX(AQ19:AQ21) -> 0 | AK2104: =IF(AJ2104=AQ19,AM19,IF(AJ2104=AQ20,AM20,IF(AJ2104=AQ21,AM21,"algo esta mal"))) -> 0 | AU2104: Valoración de la variable | AV2104: =MAX(BC19:BC21) -> 0 | AW2104: =IF(AV2104=BC19,AY19,IF(AV2104=BC20,AY20,IF(AV2104=BC21,AY21,"algo esta mal"))) -> 0
M2105: Preguntas Originales | N2105: Enunciados Para Palafraseo | O2105: Totalmente en desacuerdo | P2105: En desacuerdo | Q2105: Ni de acuerdo ni en desacuerdo | R2105: De acuerdo | S2105: Totalmente de acuerdo | Y2105: Preguntas Originales | Z2105: Enunciados Para Palafraseo | AA2105: Totalmente en desacuerdo | AB2105: En desacuerdo | AC2105: Ni de acuerdo ni en desacuerdo | AD2105: De acuerdo | AE2105: Totalmente de acuerdo | AK2105: Preguntas Originales | AL2105: Enunciados Para Palafraseo | AM2105: Totalmente en desacuerdo | AN2105: En desacuerdo | AO2105: Ni de acuerdo ni en desacuerdo | AP2105: De acuerdo | AQ2105: Totalmente de acuerdo
M2205: Enunciados Para Palafraseo | N2205: =CONCATENATE(O2105," y ",P2105) -> 0 | O2205: =(Q2105) -> 0 | P2205: =CONCATENATE(R2105," y ",S2105) -> 0 | Q2205: MÁXIMO | R2205: Valores | S2205: codificación de verbos aleatorios para concatenar | T2205: verbo | U2205: Concatenación | Y2205: Enunciados Para Palafraseo | Z2205: =CONCATENATE(AA2105," y ",AB2105) -> 0 | AA2205: =(AC2105) -> 0 | AB2205: =CONCATENATE(AD2105," y ",AE2105) -> 0 | AC2205: MÁXIMO | AD2205: Valores | AE2205: codificación de verbos aleatorios para concatenar | AF2205: verbo | AG2205: Concatenación | AK2205: Enunciados Para Palafraseo | AL2205: =CONCATENATE(AM2105," y ",AN2105) -> 0 | AM2205: =(AO2105) -> 0 | AN2205: =CONCATENATE(AP2105," y ",AQ2105) -> 0 | AO2205: MÁXIMO | AP2205: Valores | AQ2205: codificación de verbos aleatorios para concatenar | AR2205: verbo | AS2205: Concatenación

Sheet Tabulacion por item
D4: Item 1 | M4: Item 2 | V4: Item 3 | AE4: Item 4 | AN4: Item 5 | AW4: Item 6 | BF4: Item 7 | BO4: Item 8 | BX4: Item 9 | CG4: Item 10 | CP4: Item 11 | CY4: Item 12 | DH4: Item 13 | DQ4: Item 14 | DZ4: Item 15 | EI4: Item 16 | ER4: Item 17 | FA4: Item 18
D5: Tabla 1 | M5: Tabla 2 | V5: Tabla 3 | AE5: Tabla 4 | AN5: Tabla 5 | AW5: Tabla 6 | BF5: Tabla 7 | BO5: Tabla 8 | BX5: Tabla 9 | CG5: Tabla 10 | CP5: Tabla 11 | CY5: Tabla 12 | DH5: Tabla 13 | DQ5: Tabla 14 | DZ5: Tabla 15 | EI5: Tabla 16 | ER5: Tabla 17 | FA5: Tabla 18
D6: x | M6: x | V6: x | AE6: x | AW6: x | BF6: x | BO6: x | BX6: x | CG6: x | CP6: x | CY6: x | DH6: x | DQ6: x | DZ6: x | EI6: x | ER6: x | FA6: x
E7: Frec. | F7: % | N7: Frec. | O7: % | W7: Frec. | X7: % | AF7: Frec. | AG7: % | AO7: Frec. | AP7: % | AX7: Frec. | AY7: % | BG7: Frec. | BH7: % | BP7: Frec. | BQ7: % | BY7: Frec. | BZ7: % | CH7: Frec. | CI7: % | CQ7: Frec. | CR7: % | CZ7: Frec. | DA7: % | DI7: Frec. | DJ7: % | DR7: Frec. | DS7: % | EA7: Frec. | EB7: % | EJ7: Frec. | EK7: % | ES7: Frec. | ET7: % | FB7: Frec. | FC7: %
D8: =('Gestión de abastecimiento'!A300) -> 0 | E8: =('Gestión de abastecimiento'!B300) -> 0 | F8: =('Gestión de abastecimiento'!B306) -> 0 | M8: =('Gestión de abastecimiento'!A300) -> 0 | N8: =('Gestión de abastecimiento'!C300) -> 0 | O8: =('Gestión de abastecimiento'!C306) -> 0 | V8: =('Gestión de abastecimiento'!A300) -> 0 | W8: =('Gestión de abastecimiento'!D300) -> 0 | X8: =('Gestión de abastecimiento'!D306) -> 0 | AE8: =('Gestión de abastecimiento'!A300) -> 0 | AF8: =('Gestión de abastecimiento'!E300) -> 0 | AG8: =('Gestión de abastecimiento'!E306) -> 0 | AN8: =('Gestión de abastecimiento'!A300) -> 0 | AO8: =('Gestión de abastecimiento'!F300) -> 0 | AP8: =('Gestión de abastecimiento'!F306) -> 0 | AW8: =('Gestión de abastecimiento'!A300) -> 0 | AX8: =('Gestión de abastecimiento'!G300) -> 0 | AY8: =('Gestión de abastecimiento'!G306) -> 0 | BF8: =('Gestión de abastecimiento'!A300) -> 0 | BG8: =('Gestión de abastecimiento'!H300) -> 0 | BH8: =('Gestión de abastecimiento'!H306) -> 0 | BO8: =('Gestión de abastecimiento'!A300) -> 0 | BP8: =('Gestión de abastecimiento'!I300) -> 0 | BQ8: =('Gestión de abastecimiento'!I306) -> 0 | BX8: =('Gestión de abastecimiento'!A300) -> 0 | BY8: =('Gestión de abastecimiento'!J300) -> 0 | BZ8: =('Gestión de abastecimiento'!J306) -> 0 | CG8: =('Gestión de abastecimiento'!A300) -> 0 | CH8: =('Gestión de abastecimiento'!K300) -> 0 | CI8: =('Gestión de abastecimiento'!K306) -> 0 | CP8: =('Gestión de abastecimiento'!A300) -> 0 | CQ8: =('Gestión de abastecimiento'!L300) -> 0 | CR8: =('Gestión de abastecimiento'!L306) -> 0 | CY8: =('Gestión de abastecimiento'!A300) -> 0 | CZ8: =('Gestión de abastecimiento'!M300) -> 0 | DA8: =('Gestión de abastecimiento'!M306) -> 0 | DH8: =('Gestión de abastecimiento'!A300) -> 0 | DI8: =('Gestión de abastecimiento'!N300) -> 0 | DJ8: =('Gestión de abastecimiento'!N306) -> 0 | DQ8: =('Gestión de abastecimiento'!A300) -> 0 | DR8: =('Gestión de abastecimiento'!O300) -> 0 | DS8: =('Gestión de abastecimiento'!O306) -> 0 | DZ8: =('Gestión de abastecimiento'!A300) -> 0 | EA8: =('Gestión de abastecimiento'!P300) -> 0 | EB8: =('Gestión de abastecimiento'!P306) -> 0 | EI8: =('Gestión de abastecimiento'!A300) -> 0 | EJ8: =('Gestión de abastecimiento'!Q300) -> 0 | EK8: =('Gestión de abastecimiento'!Q306) -> 0 | ER8: =('Gestión de abastecimiento'!A300) -> 0 | ES8: =('Gestión de abastecimiento'!R300) -> 0 | ET8: =('Gestión de abastecimiento'!R306) -> 0 | FA8: =('Gestión de abastecimiento'!A300) -> 0 | FB8: =('Gestión de abastecimiento'!S300) -> 0 | FC8: =('Gestión de abastecimiento'!S306) -> 0
D9: =('Gestión de abastecimiento'!A301) -> 0 | E9: =('Gestión de abastecimiento'!B301) -> 0 | F9: =('Gestión de abastecimiento'!B307) -> 0 | M9: =('Gestión de abastecimiento'!A301) -> 0 | N9: =('Gestión de abastecimiento'!C301) -> 0 | O9: =('Gestión de abastecimiento'!C307) -> 0 | V9: =('Gestión de abastecimiento'!A301) -> 0 | W9: =('Gestión de abastecimiento'!D301) -> 0 | X9: =('Gestión de abastecimiento'!D307) -> 0 | AE9: =('Gestión de abastecimiento'!A301) -> 0 | AF9: =('Gestión de abastecimiento'!E301) -> 0 | AG9: =('Gestión de abastecimiento'!E307) -> 0 | AN9: =('Gestión de abastecimiento'!A301) -> 0 | AO9: =('Gestión de abastecimiento'!F301) -> 0 | AP9: =('Gestión de abastecimiento'!F307) -> 0 | AW9: =('Gestión de abastecimiento'!A301) -> 0 | AX9: =('Gestión de abastecimiento'!G301) -> 0 | AY9: =('Gestión de abastecimiento'!G307) -> 0 | BF9: =('Gestión de abastecimiento'!A301) -> 0 | BG9: =('Gestión de abastecimiento'!H301) -> 0 | BH9: =('Gestión de abastecimiento'!H307) -> 0 | BO9: =('Gestión de abastecimiento'!A301) -> 0 | BP9: =('Gestión de abastecimiento'!I301) -> 0 | BQ9: =('Gestión de abastecimiento'!I307) -> 0 | BX9: =('Gestión de abastecimiento'!A301) -> 0 | BY9: =('Gestión de abastecimiento'!J301) -> 0 | BZ9: =('Gestión de abastecimiento'!J307) -> 0 | CG9: =('Gestión de abastecimiento'!A301) -> 0 | CH9: =('Gestión de abastecimiento'!K301) -> 0 | CI9: =('Gestión de abastecimiento'!K307) -> 0 | CP9: =('Gestión de abastecimiento'!A301) -> 0 | CQ9: =('Gestión de abastecimiento'!L301) -> 0 | CR9: =('Gestión de abastecimiento'!L307) -> 0 | CY9: =('Gestión de abastecimiento'!A301) -> 0 | CZ9: =('Gestión de abastecimiento'!M301) -> 0 | DA9: =('Gestión de abastecimiento'!M307) -> 0 | DH9: =('Gestión de abastecimiento'!A301) -> 0 | DI9: =('Gestión de abastecimiento'!N301) -> 0 | DJ9: =('Gestión de abastecimiento'!N307) -> 0 | DQ9: =('Gestión de abastecimiento'!A301) -> 0 | DR9: =('Gestión de abastecimiento'!O301) -> 0 | DS9: =('Gestión de abastecimiento'!O307) -> 0 | DZ9: =('Gestión de abastecimiento'!A301) -> 0 | EA9: =('Gestión de abastecimiento'!P301) -> 0 | EB9: =('Gestión de abastecimiento'!P307) -> 0 | EI9: =('Gestión de abastecimiento'!A301) -> 0 | EJ9: =('Gestión de abastecimiento'!Q301) -> 0 | EK9: =('Gestión de abastecimiento'!Q307) -> 0 | ER9: =('Gestión de abastecimiento'!A301) -> 0 | ES9: =('Gestión de abastecimiento'!R301) -> 0 | ET9: =('Gestión de abastecimiento'!R307) -> 0 | FA9: =('Gestión de abastecimiento'!A301) -> 0 | FB9: =('Gestión de abastecimiento'!S301) -> 0 | FC9: =('Gestión de abastecimiento'!S307) -> 0
D10: =('Gestión de abastecimiento'!A302) -> 0 | E10: =('Gestión de abastecimiento'!B302) -> 0 | F10: =('Gestión de abastecimiento'!B308) -> 0 | M10: =('Gestión de abastecimiento'!A302) -> 0 | N10: =('Gestión de abastecimiento'!C302) -> 0 | O10: =('Gestión de abastecimiento'!C308) -> 0 | V10: =('Gestión de abastecimiento'!A302) -> 0 | W10: =('Gestión de abastecimiento'!D302) -> 0 | X10: =('Gestión de abastecimiento'!D308) -> 0 | AE10: =('Gestión de abastecimiento'!A302) -> 0 | AF10: =('Gestión de abastecimiento'!E302) -> 0 | AG10: =('Gestión de abastecimiento'!E308) -> 0 | AN10: =('Gestión de abastecimiento'!A302) -> 0 | AO10: =('Gestión de abastecimiento'!F302) -> 0 | AP10: =('Gestión de abastecimiento'!F308) -> 0 | AW10: =('Gestión de abastecimiento'!A302) -> 0 | AX10: =('Gestión de abastecimiento'!G302) -> 0 | AY10: =('Gestión de abastecimiento'!G308) -> 0 | BF10: =('Gestión de abastecimiento'!A302) -> 0 | BG10: =('Gestión de abastecimiento'!H302) -> 0 | BH10: =('Gestión de abastecimiento'!H308) -> 0 | BO10: =('Gestión de abastecimiento'!A302) -> 0 | BP10: =('Gestión de abastecimiento'!I302) -> 0 | BQ10: =('Gestión de abastecimiento'!I308) -> 0 | BX10: =('Gestión de abastecimiento'!A302) -> 0 | BY10: =('Gestión de abastecimiento'!J302) -> 0 | BZ10: =('Gestión de abastecimiento'!J308) -> 0 | CG10: =('Gestión de abastecimiento'!A302) -> 0 | CH10: =('Gestión de abastecimiento'!K302) -> 0 | CI10: =('Gestión de abastecimiento'!K308) -> 0 | CP10: =('Gestión de abastecimiento'!A302) -> 0 | CQ10: =('Gestión de abastecimiento'!L302) -> 0 | CR10: =('Gestión de abastecimiento'!L308) -> 0 | CY10: =('Gestión de abastecimiento'!A302) -> 0 | CZ10: =('Gestión de abastecimiento'!M302) -> 0 | DA10: =('Gestión de abastecimiento'!M308) -> 0 | DH10: =('Gestión de abastecimiento'!A302) -> 0 | DI10: =('Gestión de abastecimiento'!N302) -> 0 | DJ10: =('Gestión de abastecimiento'!N308) -> 0 | DQ10: =('Gestión de abastecimiento'!A302) -> 0 | DR10: =('Gestión de abastecimiento'!O302) -> 0 | DS10: =('Gestión de abastecimiento'!O308) -> 0 | DZ10: =('Gestión de abastecimiento'!A302) -> 0 | EA10: =('Gestión de abastecimiento'!P302) -> 0 | EB10: =('Gestión de abastecimiento'!P308) -> 0 | EI10: =('Gestión de abastecimiento'!A302) -> 0 | EJ10: =('Gestión de abastecimiento'!Q302) -> 0 | EK10: =('Gestión de abastecimiento'!Q308) -> 0 | ER10: =('Gestión de abastecimiento'!A302) -> 0 | ES10: =('Gestión de abastecimiento'!R302) -> 0 | ET10: =('Gestión de abastecimiento'!R308) -> 0 | FA10: =('Gestión de abastecimiento'!A302) -> 0 | FB10: =('Gestión de abastecimiento'!S302) -> 0 | FC10: =('Gestión de abastecimiento'!S308) -> 0
D11: =('Gestión de abastecimiento'!A303) -> 0 | E11: =('Gestión de abastecimiento'!B303) -> 0 | F11: =('Gestión de abastecimiento'!B309) -> 0 | M11: =('Gestión de abastecimiento'!A303) -> 0 | N11: =('Gestión de abastecimiento'!C303) -> 0 | O11: =('Gestión de abastecimiento'!C309) -> 0 | V11: =('Gestión de abastecimiento'!A303) -> 0 | W11: =('Gestión de abastecimiento'!D303) -> 0 | X11: =('Gestión de abastecimiento'!D309) -> 0 | AE11: =('Gestión de abastecimiento'!A303) -> 0 | AF11: =('Gestión de abastecimiento'!E303) -> 0 | AG11: =('Gestión de abastecimiento'!E309) -> 0 | AN11: =('Gestión de abastecimiento'!A303) -> 0 | AO11: =('Gestión de abastecimiento'!F303) -> 0 | AP11: =('Gestión de abastecimiento'!F309) -> 0 | AW11: =('Gestión de abastecimiento'!A303) -> 0 | AX11: =('Gestión de abastecimiento'!G303) -> 0 | AY11: =('Gestión de abastecimiento'!G309) -> 0 | BF11: =('Gestión de abastecimiento'!A303) -> 0 | BG11: =('Gestión de abastecimiento'!H303) -> 0 | BH11: =('Gestión de abastecimiento'!H309) -> 0 | BO11: =('Gestión de abastecimiento'!A303) -> 0 | BP11: =('Gestión de abastecimiento'!I303) -> 0 | BQ11: =('Gestión de abastecimiento'!I309) -> 0 | BX11: =('Gestión de abastecimiento'!A303) -> 0 | BY11: =('Gestión de abastecimiento'!J303) -> 0 | BZ11: =('Gestión de abastecimiento'!J309) -> 0 | CG11: =('Gestión de abastecimiento'!A303) -> 0 | CH11: =('Gestión de abastecimiento'!K303) -> 0 | CI11: =('Gestión de abastecimiento'!K309) -> 0 | CP11: =('Gestión de abastecimiento'!A303) -> 0 | CQ11: =('Gestión de abastecimiento'!L303) -> 0 | CR11: =('Gestión de abastecimiento'!L309) -> 0 | CY11: =('Gestión de abastecimiento'!A303) -> 0 | CZ11: =('Gestión de abastecimiento'!M303) -> 0 | DA11: =('Gestión de abastecimiento'!M309) -> 0 | DH11: =('Gestión de abastecimiento'!A303) -> 0 | DI11: =('Gestión de abastecimiento'!N303) -> 0 | DJ11: =('Gestión de abastecimiento'!N309) -> 0 | DQ11: =('Gestión de abastecimiento'!A303) -> 0 | DR11: =('Gestión de abastecimiento'!O303) -> 0 | DS11: =('Gestión de abastecimiento'!O309) -> 0 | DZ11: =('Gestión de abastecimiento'!A303) -> 0 | EA11: =('Gestión de abastecimiento'!P303) -> 0 | EB11: =('Gestión de abastecimiento'!P309) -> 0 | EI11: =('Gestión de abastecimiento'!A303) -> 0 | EJ11: =('Gestión de abastecimiento'!Q303) -> 0 | EK11: =('Gestión de abastecimiento'!Q309) -> 0 | ER11: =('Gestión de abastecimiento'!A303) -> 0 | ES11: =('Gestión de abastecimiento'!R303) -> 0 | ET11: =('Gestión de abastecimiento'!R309) -> 0 | FA11: =('Gestión de abastecimiento'!A303) -> 0 | FB11: =('Gestión de abastecimiento'!S303) -> 0 | FC11: =('Gestión de abastecimiento'!S309) -> 0
D12: =('Gestión de abastecimiento'!A304) -> 0 | E12: =('Gestión de abastecimiento'!B304) -> 0 | F12: =('Gestión de abastecimiento'!B310) -> 0 | M12: =('Gestión de abastecimiento'!A304) -> 0 | N12: =('Gestión de abastecimiento'!C304) -> 0 | O12: =('Gestión de abastecimiento'!C310) -> 0 | V12: =('Gestión de abastecimiento'!A304) -> 0 | W12: =('Gestión de abastecimiento'!D304) -> 0 | X12: =('Gestión de abastecimiento'!D310) -> 0 | AE12: =('Gestión de abastecimiento'!A304) -> 0 | AF12: =('Gestión de abastecimiento'!E304) -> 0 | AG12: =('Gestión de abastecimiento'!E310) -> 0 | AN12: =('Gestión de abastecimiento'!A304) -> 0 | AO12: =('Gestión de abastecimiento'!F304) -> 0 | AP12: =('Gestión de abastecimiento'!F310) -> 0 | AW12: =('Gestión de abastecimiento'!A304) -> 0 | AX12: =('Gestión de abastecimiento'!G304) -> 0 | AY12: =('Gestión de abastecimiento'!G310) -> 0 | BF12: =('Gestión de abastecimiento'!A304) -> 0 | BG12: =('Gestión de abastecimiento'!H304) -> 0 | BH12: =('Gestión de abastecimiento'!H310) -> 0 | BO12: =('Gestión de abastecimiento'!A304) -> 0 | BP12: =('Gestión de abastecimiento'!I304) -> 0 | BQ12: =('Gestión de abastecimiento'!I310) -> 0 | BX12: =('Gestión de abastecimiento'!A304) -> 0 | BY12: =('Gestión de abastecimiento'!J304) -> 0 | BZ12: =('Gestión de abastecimiento'!J310) -> 0 | CG12: =('Gestión de abastecimiento'!A304) -> 0 | CH12: =('Gestión de abastecimiento'!K304) -> 0 | CI12: =('Gestión de abastecimiento'!K310) -> 0 | CP12: =('Gestión de abastecimiento'!A304) -> 0 | CQ12: =('Gestión de abastecimiento'!L304) -> 0 | CR12: =('Gestión de abastecimiento'!L310) -> 0 | CY12: =('Gestión de abastecimiento'!A304) -> 0 | CZ12: =('Gestión de abastecimiento'!M304) -> 0 | DA12: =('Gestión de abastecimiento'!M310) -> 0 | DH12: =('Gestión de abastecimiento'!A304) -> 0 | DI12: =('Gestión de abastecimiento'!N304) -> 0 | DJ12: =('Gestión de abastecimiento'!N310) -> 0 | DQ12: =('Gestión de abastecimiento'!A304) -> 0 | DR12: =('Gestión de abastecimiento'!O304) -> 0 | DS12: =('Gestión de abastecimiento'!O310) -> 0 | DZ12: =('Gestión de abastecimiento'!A304) -> 0 | EA12: =('Gestión de abastecimiento'!P304) -> 0 | EB12: =('Gestión de abastecimiento'!P310) -> 0 | EI12: =('Gestión de abastecimiento'!A304) -> 0 | EJ12: =('Gestión de abastecimiento'!Q304) -> 0 | EK12: =('Gestión de abastecimiento'!Q310) -> 0 | ER12: =('Gestión de abastecimiento'!A304) -> 0 | ES12: =('Gestión de abastecimiento'!R304) -> 0 | ET12: =('Gestión de abastecimiento'!R310) -> 0 | FA12: =('Gestión de abastecimiento'!A304) -> 0 | FB12: =('Gestión de abastecimiento'!S304) -> 0 | FC12: =('Gestión de abastecimiento'!S310) -> 0
D13: =('Gestión de abastecimiento'!A305) -> 0 | E13: =('Gestión de abastecimiento'!B305) -> 0 | F13: =('Gestión de abastecimiento'!B311) -> 0 | M13: =('Gestión de abastecimiento'!A305) -> 0 | N13: =('Gestión de abastecimiento'!C305) -> 0 | O13: =('Gestión de abastecimiento'!C311) -> 0 | V13: =('Gestión de abastecimiento'!A305) -> 0 | W13: =('Gestión de abastecimiento'!D305) -> 0 | X13: =('Gestión de abastecimiento'!D311) -> 0 | AE13: =('Gestión de abastecimiento'!A305) -> 0 | AF13: =('Gestión de abastecimiento'!E305) -> 0 | AG13: =('Gestión de abastecimiento'!E311) -> 0 | AN13: =('Gestión de abastecimiento'!A305) -> 0 | AO13: =('Gestión de abastecimiento'!F305) -> 0 | AP13: =('Gestión de abastecimiento'!F311) -> 0 | AW13: =('Gestión de abastecimiento'!A305) -> 0 | AX13: =('Gestión de abastecimiento'!G305) -> 0 | AY13: =('Gestión de abastecimiento'!G311) -> 0 | BF13: =('Gestión de abastecimiento'!A305) -> 0 | BG13: =('Gestión de abastecimiento'!H305) -> 0 | BH13: =('Gestión de abastecimiento'!H311) -> 0 | BO13: =('Gestión de abastecimiento'!A305) -> 0 | BP13: =('Gestión de abastecimiento'!I305) -> 0 | BQ13: =('Gestión de abastecimiento'!I311) -> 0 | BX13: =('Gestión de abastecimiento'!A305) -> 0 | BY13: =('Gestión de abastecimiento'!J305) -> 0 | BZ13: =('Gestión de abastecimiento'!J311) -> 0 | CG13: =('Gestión de abastecimiento'!A305) -> 0 | CH13: =('Gestión de abastecimiento'!K305) -> 0 | CI13: =('Gestión de abastecimiento'!K311) -> 0 | CP13: =('Gestión de abastecimiento'!A305) -> 0 | CQ13: =('Gestión de abastecimiento'!L305) -> 0 | CR13: =('Gestión de abastecimiento'!L311) -> 0 | CY13: =('Gestión de abastecimiento'!A305) -> 0 | CZ13: =('Gestión de abastecimiento'!M305) -> 0 | DA13: =('Gestión de abastecimiento'!M311) -> 0 | DH13: =('Gestión de abastecimiento'!A305) -> 0 | DI13: =('Gestión de abastecimiento'!N305) -> 0 | DJ13: =('Gestión de abastecimiento'!N311) -> 0 | DQ13: =('Gestión de abastecimiento'!A305) -> 0 | DR13: =('Gestión de abastecimiento'!O305) -> 0 | DS13: =('Gestión de abastecimiento'!O311) -> 0 | DZ13: =('Gestión de abastecimiento'!A305) -> 0 | EA13: =('Gestión de abastecimiento'!P305) -> 0 | EB13: =('Gestión de abastecimiento'!P311) -> 0 | EI13: =('Gestión de abastecimiento'!A305) -> 0 | EJ13: =('Gestión de abastecimiento'!Q305) -> 0 | EK13: =('Gestión de abastecimiento'!Q311) -> 0 | ER13: =('Gestión de abastecimiento'!A305) -> 0 | ES13: =('Gestión de abastecimiento'!R305) -> 0 | ET13: =('Gestión de abastecimiento'!R311) -> 0 | FA13: =('Gestión de abastecimiento'!A305) -> 0 | FB13: =('Gestión de abastecimiento'!S305) -> 0 | FC13: =('Gestión de abastecimiento'!S311) -> 0
D14: Elaboración: Propia | M14: Elaboración: Propia | V14: Elaboración: Propia | AE14: Elaboración: Propia | AN14: Elaboración: Propia | AW14: Elaboración: Propia | BF14: Elaboración: Propia | BO14: Elaboración: Propia | BX14: Elaboración: Propia | CG14: Elaboración: Propia | CP14: Elaboración: Propia | CY14: Elaboración: Propia | DH14: Elaboración: Propia | DQ14: Elaboración: Propia | DZ14: Elaboración: Propia | EI14: Elaboración: Propia | ER14: Elaboración: Propia | FA14: Elaboración: Propia
D15: Fuente: Encuesta aplicada | M15: Fuente: Encuesta aplicada | V15: Fuente: Encuesta aplicada | AE15: Fuente: Encuesta aplicada | AN15: Fuente: Encuesta aplicada | AW15: Fuente: Encuesta aplicada | BF15: Fuente: Encuesta aplicada | BO15: Fuente: Encuesta aplicada | BX15: Fuente: Encuesta aplicada | CG15: Fuente: Encuesta aplicada | CP15: Fuente: Encuesta aplicada | CY15: Fuente: Encuesta aplicada | DH15: Fuente: Encuesta aplicada | DQ15: Fuente: Encuesta aplicada | DZ15: Fuente: Encuesta aplicada | EI15: Fuente: Encuesta aplicada | ER15: Fuente: Encuesta aplicada | FA15: Fuente: Encuesta aplicada
D33: Figura. 1 | M33: Figura. 2 | V33: Figura. 3 | AE33: Figura. 4 | AN33: Figura. 5 | AW33: Figura. 6 | BF33: Figura. 7 | BO33: Figura. 8 | BX33: Figura. 9 | CG33: Figura. 10 | CP33: Figura. 11 | CY33: Figura. 12 | DH33: Figura. 13 | DQ33: Figura. 14 | DZ33: Figura. 15 | EI33: Figura. 16 | ER33: Figura. 17 | FA33: Figura. 18
D34: x | M34: x | V34: x | AE34: x | AW34: x | BF34: x | BO34: x | BX34: x | CG34: x | CP34: x | CY34: x | DH34: x | DQ34: x | DZ34: x | EI34: x | ER34: x | FA34: x
D35: =CONCATENATE("En ","la ",D5," y ",D33," se observa los resultados del ",D4," el cual aborda ",E1062,",en donde se demuestra que el ",ROUND(F8*100,0),"%"," de los ",D1045," tienen una percepción de ",G1046,", el ",ROUND(F9*100,0),"%"," ",G1047,", un ",ROUND(F10*100,0),"%"," ",G1048,",",IF(E1049>0,CONCATENATE(" ademas el ",ROUND(F11*100,0),"%"," ",G1049,)," "),IF(E1049>0,CONCATENATE(" y ",ROUND(F12*100,0),"%",", ",G1050,)," "),"en tal sentido la mayoría de los ",D1045," es decir el ",ROUND(E1053*100,0),"%"," tienen una percepción con una inclinación a un valor ",D1056,","," para ",E1062,".") -> 0 | M35: =CONCATENATE("En ","la ",M5," y ",M33," se observa los resultados del ",M4," el cual aborda ",N1062,",en donde se demuestra que el ",ROUND(O8*100,0),"%"," de los ",M1045," tienen una percepción de ",P1046,", el ",ROUND(O9*100,0),"%"," ",P1047,", un ",ROUND(O10*100,0),"%"," ",P1048,",",IF(N1049>0,CONCATENATE(" ademas el ",ROUND(O11*100,0),"%"," ",P1049,)," "),IF(N1049>0,CONCATENATE(" y ",ROUND(O12*100,0),"%",", ",P1050,)," "),"en tal sentido la mayoría de los ",M1045," es decir el ",ROUND(N1053*100,0),"%"," tienen una percepción con una inclinación a un valor ",M1056,","," para ",N1062,".") -> 0 | V35: =CONCATENATE("En ","la ",V5," y ",V33," se observa los resultados del ",V4," el cual aborda ",W1062,",en donde se demuestra que el ",ROUND(X8*100,0),"%"," de los ",V1045," tienen una percepción de ",Y1046,", el ",ROUND(X9*100,0),"%"," ",Y1047,", un ",ROUND(X10*100,0),"%"," ",Y1048,",",IF(W1049>0,CONCATENATE(" ademas el ",ROUND(X11*100,0),"%"," ",Y1049,)," "),IF(W1049>0,CONCATENATE(" y ",ROUND(X12*100,0),"%",", ",Y1050,)," "),"en tal sentido la mayoría de los ",V1045," es decir el ",ROUND(W1053*100,0),"%"," tienen una percepción con una inclinación a un valor ",V1056,","," para ",W1062,".") -> 0 | AE35: =CONCATENATE("En ","la ",AE5," y ",AE33," se observa los resultados del ",AE4," el cual aborda ",AF1062,",en donde se demuestra que el ",ROUND(AG8*100,0),"%"," de los ",AE1045," tienen una percepción de ",AH1046,", el ",ROUND(AG9*100,0),"%"," ",AH1047,", un ",ROUND(AG10*100,0),"%"," ",AH1048,",",IF(AF1049>0,CONCATENATE(" ademas el ",ROUND(AG11*100,0),"%"," ",AH1049,)," "),IF(AF1049>0,CONCATENATE(" y ",ROUND(AG12*100,0),"%",", ",AH1050,)," "),"en tal sentido la mayoría de los ",AE1045," es decir el ",ROUND(AF1053*100,0),"%"," tienen una percepción con una inclinación a un valor ",AE1056,","," para ",AF1062,".") -> 0 | AN35: =CONCATENATE("En ","la ",AN5," y ",AN33," se observa los resultados del ",AN4," el cual aborda ",AO1062,",en donde se demuestra que el ",ROUND(AP8*100,0),"%"," de los ",AN1045," tienen una percepción de ",AQ1046,", el ",ROUND(AP9*100,0),"%"," ",AQ1047,", un ",ROUND(AP10*100,0),"%"," ",AQ1048,",",IF(AO1049>0,CONCATENATE(" ademas el ",ROUND(AP11*100,0),"%"," ",AQ1049,)," "),IF(AO1049>0,CONCATENATE(" y ",ROUND(AP12*100,0),"%",", ",AQ1050,)," "),"en tal sentido la mayoría de los ",AN1045," es decir el ",ROUND(AO1053*100,0),"%"," tienen una percepción con una inclinación a un valor ",AN1056,","," para ",AO1062,".") -> 0 | AW35: =CONCATENATE("En ","la ",AW5," y ",AW33," se observa los resultados del ",AW4," el cual aborda ",AX1062,",en donde se demuestra que el ",ROUND(AY8*100,0),"%"," de los ",AW1045," tienen una percepción de ",AZ1046,", el ",ROUND(AY9*100,0),"%"," ",AZ1047,", un ",ROUND(AY10*100,0),"%"," ",AZ1048,",",IF(AX1049>0,CONCATENATE(" ademas el ",ROUND(AY11*100,0),"%"," ",AZ1049,)," "),IF(AX1049>0,CONCATENATE(" y ",ROUND(AY12*100,0),"%",", ",AZ1050,)," "),"en tal sentido la mayoría de los ",AW1045," es decir el ",ROUND(AX1053*100,0),"%"," tienen una percepción con una inclinación a un valor ",AW1056,","," para ",AX1062,".") -> 0 | BF35: =CONCATENATE("En ","la ",BF5," y ",BF33," se observa los resultados del ",BF4," el cual aborda ",BG1062,",en donde se demuestra que el ",ROUND(BH8*100,0),"%"," de los ",BF1045," tienen una percepción de ",BI1046,", el ",ROUND(BH9*100,0),"%"," ",BI1047,", un ",ROUND(BH10*100,0),"%"," ",BI1048,",",IF(BG1049>0,CONCATENATE(" ademas el ",ROUND(BH11*100,0),"%"," ",BI1049,)," "),IF(BG1049>0,CONCATENATE(" y ",ROUND(BH12*100,0),"%",", ",BI1050,)," "),"en tal sentido la mayoría de los ",BF1045," es decir el ",ROUND(BG1053*100,0),"%"," tienen una percepción con una inclinación a un valor ",BF1056,","," para ",BG1062,".") -> 0 | BO35: =CONCATENATE("En ","la ",BO5," y ",BO33," se observa los resultados del ",BO4," el cual aborda ",BP1062,",en donde se demuestra que el ",ROUND(BQ8*100,0),"%"," de los ",BO1045," tienen una percepción de ",BR1046,", el ",ROUND(BQ9*100,0),"%"," ",BR1047,", un ",ROUND(BQ10*100,0),"%"," ",BR1048,",",IF(BP1049>0,CONCATENATE(" ademas el ",ROUND(BQ11*100,0),"%"," ",BR1049,)," "),IF(BP1049>0,CONCATENATE(" y ",ROUND(BQ12*100,0),"%",", ",BR1050,)," "),"en tal sentido la mayoría de los ",BO1045," es decir el ",ROUND(BP1053*100,0),"%"," tienen una percepción con una inclinación a un valor ",BO1056,","," para ",BP1062,".") -> 0 | BX35: =CONCATENATE("En ","la ",BX5," y ",BX33," se observa los resultados del ",BX4," el cual aborda ",BY1062,",en donde se demuestra que el ",ROUND(BZ8*100,0),"%"," de los ",BX1045," tienen una percepción de ",CA1046,", el ",ROUND(BZ9*100,0),"%"," ",CA1047,", un ",ROUND(BZ10*100,0),"%"," ",CA1048,",",IF(BY1049>0,CONCATENATE(" ademas el ",ROUND(BZ11*100,0),"%"," ",CA1049,)," "),IF(BY1049>0,CONCATENATE(" y ",ROUND(BZ12*100,0),"%",", ",CA1050,)," "),"en tal sentido la mayoría de los ",BX1045," es decir el ",ROUND(BY1053*100,0),"%"," tienen una percepción con una inclinación a un valor ",BX1056,","," para ",BY1062,".") -> 0 | CG35: =CONCATENATE("En ","la ",CG5," y ",CG33," se observa los resultados del ",CG4," el cual aborda ",CH1062,",en donde se demuestra que el ",ROUND(CI8*100,0),"%"," de los ",CG1045," tienen una percepción de ",CJ1046,", el ",ROUND(CI9*100,0),"%"," ",CJ1047,", un ",ROUND(CI10*100,0),"%"," ",CJ1048,",",IF(CH1049>0,CONCATENATE(" ademas el ",ROUND(CI11*100,0),"%"," ",CJ1049,)," "),IF(CH1049>0,CONCATENATE(" y ",ROUND(CI12*100,0),"%",", ",CJ1050,)," "),"en tal sentido la mayoría de los ",CG1045," es decir el ",ROUND(CH1053*100,0),"%"," tienen una percepción con una inclinación a un valor ",CG1056,","," para ",CH1062,".") -> 0 | CP35: =CONCATENATE("En ","la ",CP5," y ",CP33," se observa los resultados del ",CP4," el cual aborda ",CQ1062,",en donde se demuestra que el ",ROUND(CR8*100,0),"%"," de los ",CP1045," tienen una percepción de ",CS1046,", el ",ROUND(CR9*100,0),"%"," ",CS1047,", un ",ROUND(CR10*100,0),"%"," ",CS1048,",",IF(CQ1049>0,CONCATENATE(" ademas el ",ROUND(CR11*100,0),"%"," ",CS1049,)," "),IF(CQ1049>0,CONCATENATE(" y ",ROUND(CR12*100,0),"%",", ",CS1050,)," "),"en tal sentido la mayoría de los ",CP1045," es decir el ",ROUND(CQ1053*100,0),"%"," tienen una percepción con una inclinación a un valor ",CP1056,","," para ",CQ1062,".") -> 0 | CY35: =CONCATENATE("En ","la ",CY5," y ",CY33," se observa los resultados del ",CY4," el cual aborda ",CZ1062,",en donde se demuestra que el ",ROUND(DA8*100,0),"%"," de los ",CY1045," tienen una percepción de ",DB1046,", el ",ROUND(DA9*100,0),"%"," ",DB1047,", un ",ROUND(DA10*100,0),"%"," ",DB1048,",",IF(CZ1049>0,CONCATENATE(" ademas el ",ROUND(DA11*100,0),"%"," ",DB1049,)," "),IF(CZ1049>0,CONCATENATE(" y ",ROUND(DA12*100,0),"%",", ",DB1050,)," "),"en tal sentido la mayoría de los ",CY1045," es decir el ",ROUND(CZ1053*100,0),"%"," tienen una percepción con una inclinación a un valor ",CY1056,","," para ",CZ1062,".") -> 0 | DH35: =CONCATENATE("En ","la ",DH5," y ",DH33," se observa los resultados del ",DH4," el cual aborda ",DI1062,",en donde se demuestra que el ",ROUND(DJ8*100,0),"%"," de los ",DH1045," tienen una percepción de ",DK1046,", el ",ROUND(DJ9*100,0),"%"," ",DK1047,", un ",ROUND(DJ10*100,0),"%"," ",DK1048,",",IF(DI1049>0,CONCATENATE(" ademas el ",ROUND(DJ11*100,0),"%"," ",DK1049,)," "),IF(DI1049>0,CONCATENATE(" y ",ROUND(DJ12*100,0),"%",", ",DK1050,)," "),"en tal sentido la mayoría de los ",DH1045," es decir el ",ROUND(DI1053*100,0),"%"," tienen una percepción con una inclinación a un valor ",DH1056,","," para ",DI1062,".") -> 0 | DQ35: =CONCATENATE("En ","la ",DQ5," y ",DQ33," se observa los resultados del ",DQ4," el cual aborda ",DR1062,",en donde se demuestra que el ",ROUND(DS8*100,0),"%"," de los ",DQ1045," tienen una percepción de ",DT1046,", el ",ROUND(DS9*100,0),"%"," ",DT1047,", un ",ROUND(DS10*100,0),"%"," ",DT1048,",",IF(DR1049>0,CONCATENATE(" ademas el ",ROUND(DS11*100,0),"%"," ",DT1049,)," "),IF(DR1049>0,CONCATENATE(" y ",ROUND(DS12*100,0),"%",", ",DT1050,)," "),"en tal sentido la mayoría de los ",DQ1045," es decir el ",ROUND(DR1053*100,0),"%"," tienen una percepción con una inclinación a un valor ",DQ1056,","," para ",DR1062,".") -> 0 | DZ35: =CONCATENATE("En ","la ",DZ5," y ",DZ33," se observa los resultados del ",DZ4," el cual aborda ",EA1062,",en donde se demuestra que el ",ROUND(EB8*100,0),"%"," de los ",DZ1045," tienen una percepción de ",EC1046,", el ",ROUND(EB9*100,0),"%"," ",EC1047,", un ",ROUND(EB10*100,0),"%"," ",EC1048,",",IF(EA1049>0,CONCATENATE(" ademas el ",ROUND(EB11*100,0),"%"," ",EC1049,)," "),IF(EA1049>0,CONCATENATE(" y ",ROUND(EB12*100,0),"%",", ",EC1050,)," "),"en tal sentido la mayoría de los ",DZ1045," es decir el ",ROUND(EA1053*100,0),"%"," tienen una percepción con una inclinación a un valor ",DZ1056,","," para ",EA1062,".") -> 0 | EI35: =CONCATENATE("En ","la ",EI5," y ",EI33," se observa los resultados del ",EI4," el cual aborda ",EJ1062,",en donde se demuestra que el ",ROUND(EK8*100,0),"%"," de los ",EI1045," tienen una percepción de ",EL1046,", el ",ROUND(EK9*100,0),"%"," ",EL1047,", un ",ROUND(EK10*100,0),"%"," ",EL1048,",",IF(EJ1049>0,CONCATENATE(" ademas el ",ROUND(EK11*100,0),"%"," ",EL1049,)," "),IF(EJ1049>0,CONCATENATE(" y ",ROUND(EK12*100,0),"%",", ",EL1050,)," "),"en tal sentido la mayoría de los ",EI1045," es decir el ",ROUND(EJ1053*100,0),"%"," tienen una percepción con una inclinación a un valor ",EI1056,","," para ",EJ1062,".") -> 0 | ER35: =CONCATENATE("En ","la ",ER5," y ",ER33," se observa los resultados del ",ER4," el cual aborda ",ES1062,",en donde se demuestra que el ",ROUND(ET8*100,0),"%"," de los ",ER1045," tienen una percepción de ",EU1046,", el ",ROUND(ET9*100,0),"%"," ",EU1047,", un ",ROUND(ET10*100,0),"%"," ",EU1048,",",IF(ES1049>0,CONCATENATE(" ademas el ",ROUND(ET11*100,0),"%"," ",EU1049,)," "),IF(ES1049>0,CONCATENATE(" y ",ROUND(ET12*100,0),"%",", ",EU1050,)," "),"en tal sentido la mayoría de los ",ER1045," es decir el ",ROUND(ES1053*100,0),"%"," tienen una percepción con una inclinación a un valor ",ER1056,","," para ",ES1062,".") -> 0 | FA35: =CONCATENATE("En ","la ",FA5," y ",FA33," se observa los resultados del ",FA4," el cual aborda ",FB1062,",en donde se demuestra que el ",ROUND(FC8*100,0),"%"," de los ",FA1045," tienen una percepción de ",FD1046,", el ",ROUND(FC9*100,0),"%"," ",FD1047,", un ",ROUND(FC10*100,0),"%"," ",FD1048,",",IF(FB1049>0,CONCATENATE(" ademas el ",ROUND(FC11*100,0),"%"," ",FD1049,)," "),IF(FB1049>0,CONCATENATE(" y ",ROUND(FC12*100,0),"%",", ",FD1050,)," "),"en tal sentido la mayoría de los ",FA1045," es decir el ",ROUND(FB1053*100,0),"%"," tienen una percepción con una inclinación a un valor ",FA1056,","," para ",FB1062,".") -> 0
D1045: Beneficiaross | E1045: x | M1045: Beneficiaross | N1045: x | V1045: Beneficiaross | W1045: x | AE1045: Beneficiaross | AN1045: Beneficiaross | AO1045: x | AW1045: Beneficiaross | AX1045: x | BF1045: Beneficiaross | BG1045: x | BO1045: Beneficiaross | BP1045: x | BX1045: Beneficiaross | CG1045: Beneficiaross | CH1045: x | CP1045: Beneficiaross | CQ1045: x | CY1045: Beneficiaross | CZ1045: x | DH1045: Beneficiaross | DI1045: x | DQ1045: Beneficiaross | DR1045: x | DZ1045: Beneficiaross | EA1045: x | EI1045: Beneficiaross | EJ1045: x | ER1045: Beneficiaross | ES1045: x | FA1045: Beneficiaross | FB1045: x
C1046: 1 | D1046: =IF(E1046=F8,D8,IF(E1046=F9,D9,IF(E1046=F10,D10,IF(E1046=F11,D11,IF(E1046=F12,D12,"ALGO ESTA MAL"))))) -> 0 | E1046: =LARGE($F$8:$F$12,C1046) -> 0 | F1046: =IF(E1046>0.1%,E1046,"Algo Esta Mal") -> 0 | G1046: =IF(F1046=E1046,D1046," ") -> 0 | L1046: 1 | M1046: =IF(N1046=O8,M8,IF(N1046=O9,M9,IF(N1046=O10,M10,IF(N1046=O11,M11,IF(N1046=O12,M12,"ALGO ESTA MAL"))))) -> 0 | N1046: =LARGE($O$8:$O$12,L1046) -> 0 | O1046: =IF(N1046>0.1%,N1046,"Algo Esta Mal") -> 0 | P1046: =IF(O1046=N1046,M1046," ") -> 0 | U1046: 1 | V1046: =IF(W1046=X8,V8,IF(W1046=X9,V9,IF(W1046=X10,V10,IF(W1046=X11,V11,IF(W1046=X12,V12,"ALGO ESTA MAL"))))) -> 0 | W1046: =LARGE($X$8:$X$12,U1046) -> 0 | X1046: =IF(W1046>0.1%,W1046,"Algo Esta Mal") -> 0 | Y1046: =IF(X1046=W1046,V1046," ") -> 0 | AD1046: 1 | AE1046: =IF(AF1046=AG8,AE8,IF(AF1046=AG9,AE9,IF(AF1046=AG10,AE10,IF(AF1046=AG11,AE11,IF(AF1046=AG12,AE12,"ALGO ESTA MAL"))))) -> 0 | AF1046: =LARGE($AG$8:$AG$12,AD1046) -> 0 | AG1046: =IF(AF1046>0.1%,AF1046,"Algo Esta Mal") -> 0 | AH1046: =IF(AG1046=AF1046,AE1046," ") -> 0 | AM1046: 1 | AN1046: =IF(AO1046=AP8,AN8,IF(AO1046=AP9,AN9,IF(AO1046=AP10,AN10,IF(AO1046=AP11,AN11,IF(AO1046=AP12,AN12,"ALGO ESTA MAL"))))) -> 0 | AO1046: =LARGE($AP$8:$AP$12,AM1046) -> 0 | AP1046: =IF(AO1046>0.1%,AO1046,"Algo Esta Mal") -> 0 | AQ1046: =IF(AP1046=AO1046,AN1046," ") -> 0 | AV1046: 1 | AW1046: =IF(AX1046=AY8,AW8,IF(AX1046=AY9,AW9,IF(AX1046=AY10,AW10,IF(AX1046=AY11,AW11,IF(AX1046=AY12,AW12,"ALGO ESTA MAL"))))) -> 0 | AX1046: =LARGE($AY$8:$AY$12,AV1046) -> 0 | AY1046: =IF(AX1046>0.1%,AX1046,"Algo Esta Mal") -> 0 | AZ1046: =IF(AY1046=AX1046,AW1046," ") -> 0 | BE1046: 1 | BF1046: =IF(BG1046=BH8,BF8,IF(BG1046=BH9,BF9,IF(BG1046=BH10,BF10,IF(BG1046=BH11,BF11,IF(BG1046=BH12,BF12,"ALGO ESTA MAL"))))) -> 0 | BG1046: =LARGE($BH$8:$BH$12,BE1046) -> 0 | BH1046: =IF(BG1046>0.1%,BG1046,"Algo Esta Mal") -> 0 | BI1046: =IF(BH1046=BG1046,BF1046," ") -> 0 | BN1046: 1 | BO1046: =IF(BP1046=BQ8,BO8,IF(BP1046=BQ9,BO9,IF(BP1046=BQ10,BO10,IF(BP1046=BQ11,BO11,IF(BP1046=BQ12,BO12,"ALGO ESTA MAL"))))) -> 0 | BP1046: =LARGE($BQ$8:$BQ$12,BN1046) -> 0 | BQ1046: =IF(BP1046>0.1%,BP1046,"Algo Esta Mal") -> 0 | BR1046: =IF(BQ1046=BP1046,BO1046," ") -> 0 | BW1046: 1 | BX1046: =IF(BY1046=BZ8,BX8,IF(BY1046=BZ9,BX9,IF(BY1046=BZ10,BX10,IF(BY1046=BZ11,BX11,IF(BY1046=BZ12,BX12,"ALGO ESTA MAL"))))) -> 0 | BY1046: =LARGE($BZ$8:$BZ$12,BW1046) -> 0 | BZ1046: =IF(BY1046>0.1%,BY1046,"Algo Esta Mal") -> 0 | CA1046: =IF(BZ1046=BY1046,BX1046," ") -> 0 | CF1046: 1 | CG1046: =IF(CH1046=CI8,CG8,IF(CH1046=CI9,CG9,IF(CH1046=CI10,CG10,IF(CH1046=CI11,CG11,IF(CH1046=CI12,CG12,"ALGO ESTA MAL"))))) -> 0 | CH1046: =LARGE($CI$8:$CI$12,CF1046) -> 0 | CI1046: =IF(CH1046>0.1%,CH1046,"Algo Esta Mal") -> 0 | CJ1046: =IF(CI1046=CH1046,CG1046," ") -> 0 | CO1046: 1 | CP1046: =IF(CQ1046=CR8,CP8,IF(CQ1046=CR9,CP9,IF(CQ1046=CR10,CP10,IF(CQ1046=CR11,CP11,IF(CQ1046=CR12,CP12,"ALGO ESTA MAL"))))) -> 0 | CQ1046: =LARGE($CR$8:$CR$12,CO1046) -> 0 | CR1046: =IF(CQ1046>0.1%,CQ1046,"Algo Esta Mal") -> 0 | CS1046: =IF(CR1046=CQ1046,CP1046," ") -> 0 | CX1046: 1 | CY1046: =IF(CZ1046=DA8,CY8,IF(CZ1046=DA9,CY9,IF(CZ1046=DA10,CY10,IF(CZ1046=DA11,CY11,IF(CZ1046=DA12,CY12,"ALGO ESTA MAL"))))) -> 0 | CZ1046: =LARGE($DA$8:$DA$12,CX1046) -> 0 | DA1046: =IF(CZ1046>0.1%,CZ1046,"Algo Esta Mal") -> 0 | DB1046: =IF(DA1046=CZ1046,CY1046," ") -> 0 | DG1046: 1 | DH1046: =IF(DI1046=DJ8,DH8,IF(DI1046=DJ9,DH9,IF(DI1046=DJ10,DH10,IF(DI1046=DJ11,DH11,IF(DI1046=DJ12,DH12,"ALGO ESTA MAL"))))) -> 0 | DI1046: =LARGE($DJ$8:$DJ$12,DG1046) -> 0 | DJ1046: =IF(DI1046>0.1%,DI1046,"Algo Esta Mal") -> 0 | DK1046: =IF(DJ1046=DI1046,DH1046," ") -> 0 | DP1046: 1 | DQ1046: =IF(DR1046=DS8,DQ8,IF(DR1046=DS9,DQ9,IF(DR1046=DS10,DQ10,IF(DR1046=DS11,DQ11,IF(DR1046=DS12,DQ12,"ALGO ESTA MAL"))))) -> 0 | DR1046: =LARGE($DS$8:$DS$12,DP1046) -> 0 | DS1046: =IF(DR1046>0.1%,DR1046,"Algo Esta Mal") -> 0 | DT1046: =IF(DS1046=DR1046,DQ1046," ") -> 0 | DY1046: 1 | DZ1046: =IF(EA1046=EB8,DZ8,IF(EA1046=EB9,DZ9,IF(EA1046=EB10,DZ10,IF(EA1046=EB11,DZ11,IF(EA1046=EB12,DZ12,"ALGO ESTA MAL"))))) -> 0 | EA1046: =LARGE($EB$8:$EB$12,DY1046) -> 0 | EB1046: =IF(EA1046>0.1%,EA1046,"Algo Esta Mal") -> 0 | EC1046: =IF(EB1046=EA1046,DZ1046," ") -> 0 | EH1046: 1 | EI1046: =IF(EJ1046=EK8,EI8,IF(EJ1046=EK9,EI9,IF(EJ1046=EK10,EI10,IF(EJ1046=EK11,EI11,IF(EJ1046=EK12,EI12,"ALGO ESTA MAL"))))) -> 0 | EJ1046: =LARGE($EK$8:$EK$12,EH1046) -> 0 | EK1046: =IF(EJ1046>0.1%,EJ1046,"Algo Esta Mal") -> 0 | EL1046: =IF(EK1046=EJ1046,EI1046," ") -> 0 | EQ1046: 1 | ER1046: =IF(ES1046=ET8,ER8,IF(ES1046=ET9,ER9,IF(ES1046=ET10,ER10,IF(ES1046=ET11,ER11,IF(ES1046=ET12,ER12,"ALGO ESTA MAL"))))) -> 0 | ES1046: =LARGE($ET$8:$ET$12,EQ1046) -> 0 | ET1046: =IF(ES1046>0.1%,ES1046,"Algo Esta Mal") -> 0 | EU1046: =IF(ET1046=ES1046,ER1046," ") -> 0 | EZ1046: 1 | FA1046: =IF(FB1046=FC8,FA8,IF(FB1046=FC9,FA9,IF(FB1046=FC10,FA10,IF(FB1046=FC11,FA11,IF(FB1046=FC12,FA12,"ALGO ESTA MAL"))))) -> 0 | FB1046: =LARGE($FC$8:$FC$12,EZ1046) -> 0 | FC1046: =IF(FB1046>0.1%,FB1046,"Algo Esta Mal") -> 0 | FD1046: =IF(FC1046=FB1046,FA1046," ") -> 0
C1047: 2 | D1047: =IF(E1047=F8,D8,IF(E1047=F9,D9,IF(E1047=F10,D10,IF(E1047=F11,D11,IF(E1047=F12,D12,"ALGO ESTA MAL"))))) -> 0 | E1047: =LARGE($F$8:$F$12,C1047) -> 0 | F1047: =IF(E1047>0.1%,E1047,"Algo Esta Mal") -> 0 | G1047: =IF(F1047=E1047,D1047," ") -> 0 | L1047: 2 | M1047: =IF(N1047=O8,M8,IF(N1047=O9,M9,IF(N1047=O10,M10,IF(N1047=O11,M11,IF(N1047=O12,M12,"ALGO ESTA MAL"))))) -> 0 | N1047: =LARGE($O$8:$O$12,L1047) -> 0 | O1047: =IF(N1047>0.1%,N1047,"Algo Esta Mal") -> 0 | P1047: =IF(O1047=N1047,M1047," ") -> 0 | U1047: 2 | V1047: =IF(W1047=X8,V8,IF(W1047=X9,V9,IF(W1047=X10,V10,IF(W1047=X11,V11,IF(W1047=X12,V12,"ALGO ESTA MAL"))))) -> 0 | W1047: =LARGE($X$8:$X$12,U1047) -> 0 | X1047: =IF(W1047>0.1%,W1047,"Algo Esta Mal") -> 0 | Y1047: =IF(X1047=W1047,V1047," ") -> 0 | AD1047: 2 | AE1047: =IF(AF1047=AG8,AE8,IF(AF1047=AG9,AE9,IF(AF1047=AG10,AE10,IF(AF1047=AG11,AE11,IF(AF1047=AG12,AE12,"ALGO ESTA MAL"))))) -> 0 | AF1047: =LARGE($AG$8:$AG$12,AD1047) -> 0 | AG1047: =IF(AF1047>0.1%,AF1047,"Algo Esta Mal") -> 0 | AH1047: =IF(AG1047=AF1047,AE1047," ") -> 0 | AM1047: 2 | AN1047: =IF(AO1047=AP8,AN8,IF(AO1047=AP9,AN9,IF(AO1047=AP10,AN10,IF(AO1047=AP11,AN11,IF(AO1047=AP12,AN12,"ALGO ESTA MAL"))))) -> 0 | AO1047: =LARGE($AP$8:$AP$12,AM1047) -> 0 | AP1047: =IF(AO1047>0.1%,AO1047,"Algo Esta Mal") -> 0 | AQ1047: =IF(AP1047=AO1047,AN1047," ") -> 0 | AV1047: 2 | AW1047: =IF(AX1047=AY8,AW8,IF(AX1047=AY9,AW9,IF(AX1047=AY10,AW10,IF(AX1047=AY11,AW11,IF(AX1047=AY12,AW12,"ALGO ESTA MAL"))))) -> 0 | AX1047: =LARGE($AY$8:$AY$12,AV1047) -> 0 | AY1047: =IF(AX1047>0.1%,AX1047,"Algo Esta Mal") -> 0 | AZ1047: =IF(AY1047=AX1047,AW1047," ") -> 0 | BE1047: 2 | BF1047: =IF(BG1047=BH8,BF8,IF(BG1047=BH9,BF9,IF(BG1047=BH10,BF10,IF(BG1047=BH11,BF11,IF(BG1047=BH12,BF12,"ALGO ESTA MAL"))))) -> 0 | BG1047: =LARGE($BH$8:$BH$12,BE1047) -> 0 | BH1047: =IF(BG1047>0.1%,BG1047,"Algo Esta Mal") -> 0 | BI1047: =IF(BH1047=BG1047,BF1047," ") -> 0 | BN1047: 2 | BO1047: =IF(BP1047=BQ8,BO8,IF(BP1047=BQ9,BO9,IF(BP1047=BQ10,BO10,IF(BP1047=BQ11,BO11,IF(BP1047=BQ12,BO12,"ALGO ESTA MAL"))))) -> 0 | BP1047: =LARGE($BQ$8:$BQ$12,BN1047) -> 0 | BQ1047: =IF(BP1047>0.1%,BP1047,"Algo Esta Mal") -> 0 | BR1047: =IF(BQ1047=BP1047,BO1047," ") -> 0 | BW1047: 2 | BX1047: =IF(BY1047=BZ8,BX8,IF(BY1047=BZ9,BX9,IF(BY1047=BZ10,BX10,IF(BY1047=BZ11,BX11,IF(BY1047=BZ12,BX12,"ALGO ESTA MAL"))))) -> 0 | BY1047: =LARGE($BZ$8:$BZ$12,BW1047) -> 0 | BZ1047: =IF(BY1047>0.1%,BY1047,"Algo Esta Mal") -> 0 | CA1047: =IF(BZ1047=BY1047,BX1047," ") -> 0 | CF1047: 2 | CG1047: =IF(CH1047=CI8,CG8,IF(CH1047=CI9,CG9,IF(CH1047=CI10,CG10,IF(CH1047=CI11,CG11,IF(CH1047=CI12,CG12,"ALGO ESTA MAL"))))) -> 0 | CH1047: =LARGE($CI$8:$CI$12,CF1047) -> 0 | CI1047: =IF(CH1047>0.1%,CH1047,"Algo Esta Mal") -> 0 | CJ1047: =IF(CI1047=CH1047,CG1047," ") -> 0 | CO1047: 2 | CP1047: =IF(CQ1047=CR8,CP8,IF(CQ1047=CR9,CP9,IF(CQ1047=CR10,CP10,IF(CQ1047=CR11,CP11,IF(CQ1047=CR12,CP12,"ALGO ESTA MAL"))))) -> 0 | CQ1047: =LARGE($CR$8:$CR$12,CO1047) -> 0 | CR1047: =IF(CQ1047>0.1%,CQ1047,"Algo Esta Mal") -> 0 | CS1047: =IF(CR1047=CQ1047,CP1047," ") -> 0 | CX1047: 2 | CY1047: =IF(CZ1047=DA8,CY8,IF(CZ1047=DA9,CY9,IF(CZ1047=DA10,CY10,IF(CZ1047=DA11,CY11,IF(CZ1047=DA12,CY12,"ALGO ESTA MAL"))))) -> 0 | CZ1047: =LARGE($DA$8:$DA$12,CX1047) -> 0 | DA1047: =IF(CZ1047>0.1%,CZ1047,"Algo Esta Mal") -> 0 | DB1047: =IF(DA1047=CZ1047,CY1047," ") -> 0 | DG1047: 2 | DH1047: =IF(DI1047=DJ8,DH8,IF(DI1047=DJ9,DH9,IF(DI1047=DJ10,DH10,IF(DI1047=DJ11,DH11,IF(DI1047=DJ12,DH12,"ALGO ESTA MAL"))))) -> 0 | DI1047: =LARGE($DJ$8:$DJ$12,DG1047) -> 0 | DJ1047: =IF(DI1047>0.1%,DI1047,"Algo Esta Mal") -> 0 | DK1047: =IF(DJ1047=DI1047,DH1047," ") -> 0 | DP1047: 2 | DQ1047: =IF(DR1047=DS8,DQ8,IF(DR1047=DS9,DQ9,IF(DR1047=DS10,DQ10,IF(DR1047=DS11,DQ11,IF(DR1047=DS12,DQ12,"ALGO ESTA MAL"))))) -> 0 | DR1047: =LARGE($DS$8:$DS$12,DP1047) -> 0 | DS1047: =IF(DR1047>0.1%,DR1047,"Algo Esta Mal") -> 0 | DT1047: =IF(DS1047=DR1047,DQ1047," ") -> 0 | DY1047: 2 | DZ1047: =IF(EA1047=EB8,DZ8,IF(EA1047=EB9,DZ9,IF(EA1047=EB10,DZ10,IF(EA1047=EB11,DZ11,IF(EA1047=EB12,DZ12,"ALGO ESTA MAL"))))) -> 0 | EA1047: =LARGE($EB$8:$EB$12,DY1047) -> 0 | EB1047: =IF(EA1047>0.1%,EA1047,"Algo Esta Mal") -> 0 | EC1047: =IF(EB1047=EA1047,DZ1047," ") -> 0 | EH1047: 2 | EI1047: =IF(EJ1047=EK8,EI8,IF(EJ1047=EK9,EI9,IF(EJ1047=EK10,EI10,IF(EJ1047=EK11,EI11,IF(EJ1047=EK12,EI12,"ALGO ESTA MAL"))))) -> 0 | EJ1047: =LARGE($EK$8:$EK$12,EH1047) -> 0 | EK1047: =IF(EJ1047>0.1%,EJ1047,"Algo Esta Mal") -> 0 | EL1047: =IF(EK1047=EJ1047,EI1047," ") -> 0 | EQ1047: 2 | ER1047: =IF(ES1047=ET8,ER8,IF(ES1047=ET9,ER9,IF(ES1047=ET10,ER10,IF(ES1047=ET11,ER11,IF(ES1047=ET12,ER12,"ALGO ESTA MAL"))))) -> 0 | ES1047: =LARGE($ET$8:$ET$12,EQ1047) -> 0 | ET1047: =IF(ES1047>0.1%,ES1047,"Algo Esta Mal") -> 0 | EU1047: =IF(ET1047=ES1047,ER1047," ") -> 0 | EZ1047: 2 | FA1047: =IF(FB1047=FC8,FA8,IF(FB1047=FC9,FA9,IF(FB1047=FC10,FA10,IF(FB1047=FC11,FA11,IF(FB1047=FC12,FA12,"ALGO ESTA MAL"))))) -> 0 | FB1047: =LARGE($FC$8:$FC$12,EZ1047) -> 0 | FC1047: =IF(FB1047>0.1%,FB1047,"Algo Esta Mal") -> 0 | FD1047: =IF(FC1047=FB1047,FA1047," ") -> 0
C1048: 3 | D1048: =IF(E1048=F8,D8,IF(E1048=F9,D9,IF(E1048=F10,D10,IF(E1048=F11,D11,IF(E1048=F12,D12,"ALGO ESTA MAL"))))) -> 0 | E1048: =LARGE($F$8:$F$12,C1048) -> 0 | F1048: =IF(E1048>0.1%,E1048,"Algo Esta Mal") -> 0 | G1048: =IF(F1048=E1048,D1048," ") -> 0 | L1048: 3 | M1048: =IF(N1048=O8,M8,IF(N1048=O9,M9,IF(N1048=O10,M10,IF(N1048=O11,M11,IF(N1048=O12,M12,"ALGO ESTA MAL"))))) -> 0 | N1048: =LARGE($O$8:$O$12,L1048) -> 0 | O1048: =IF(N1048>0.1%,N1048,"Algo Esta Mal") -> 0 | P1048: =IF(O1048=N1048,M1048," ") -> 0 | U1048: 3 | V1048: =IF(W1048=X8,V8,IF(W1048=X9,V9,IF(W1048=X10,V10,IF(W1048=X11,V11,IF(W1048=X12,V12,"ALGO ESTA MAL"))))) -> 0 | W1048: =LARGE($X$8:$X$12,U1048) -> 0 | X1048: =IF(W1048>0.1%,W1048,"Algo Esta Mal") -> 0 | Y1048: =IF(X1048=W1048,V1048," ") -> 0 | AD1048: 3 | AE1048: =IF(AF1048=AG8,AE8,IF(AF1048=AG9,AE9,IF(AF1048=AG10,AE10,IF(AF1048=AG11,AE11,IF(AF1048=AG12,AE12,"ALGO ESTA MAL"))))) -> 0 | AF1048: =LARGE($AG$8:$AG$12,AD1048) -> 0 | AG1048: =IF(AF1048>0.1%,AF1048,"Algo Esta Mal") -> 0 | AH1048: =IF(AG1048=AF1048,AE1048," ") -> 0 | AM1048: 3 | AN1048: =IF(AO1048=AP8,AN8,IF(AO1048=AP9,AN9,IF(AO1048=AP10,AN10,IF(AO1048=AP11,AN11,IF(AO1048=AP12,AN12,"ALGO ESTA MAL"))))) -> 0 | AO1048: =LARGE($AP$8:$AP$12,AM1048) -> 0 | AP1048: =IF(AO1048>0.1%,AO1048,"Algo Esta Mal") -> 0 | AQ1048: =IF(AP1048=AO1048,AN1048," ") -> 0 | AV1048: 3 | AW1048: =IF(AX1048=AY8,AW8,IF(AX1048=AY9,AW9,IF(AX1048=AY10,AW10,IF(AX1048=AY11,AW11,IF(AX1048=AY12,AW12,"ALGO ESTA MAL"))))) -> 0 | AX1048: =LARGE($AY$8:$AY$12,AV1048) -> 0 | AY1048: =IF(AX1048>0.1%,AX1048,"Algo Esta Mal") -> 0 | AZ1048: =IF(AY1048=AX1048,AW1048," ") -> 0 | BE1048: 3 | BF1048: =IF(BG1048=BH8,BF8,IF(BG1048=BH9,BF9,IF(BG1048=BH10,BF10,IF(BG1048=BH11,BF11,IF(BG1048=BH12,BF12,"ALGO ESTA MAL"))))) -> 0 | BG1048: =LARGE($BH$8:$BH$12,BE1048) -> 0 | BH1048: =IF(BG1048>0.1%,BG1048,"Algo Esta Mal") -> 0 | BI1048: =IF(BH1048=BG1048,BF1048," ") -> 0 | BN1048: 3 | BO1048: =IF(BP1048=BQ8,BO8,IF(BP1048=BQ9,BO9,IF(BP1048=BQ10,BO10,IF(BP1048=BQ11,BO11,IF(BP1048=BQ12,BO12,"ALGO ESTA MAL"))))) -> 0 | BP1048: =LARGE($BQ$8:$BQ$12,BN1048) -> 0 | BQ1048: =IF(BP1048>0.1%,BP1048,"Algo Esta Mal") -> 0 | BR1048: =IF(BQ1048=BP1048,BO1048," ") -> 0 | BW1048: 3 | BX1048: =IF(BY1048=BZ8,BX8,IF(BY1048=BZ9,BX9,IF(BY1048=BZ10,BX10,IF(BY1048=BZ11,BX11,IF(BY1048=BZ12,BX12,"ALGO ESTA MAL"))))) -> 0 | BY1048: =LARGE($BZ$8:$BZ$12,BW1048) -> 0 | BZ1048: =IF(BY1048>0.1%,BY1048,"Algo Esta Mal") -> 0 | CA1048: =IF(BZ1048=BY1048,BX1048," ") -> 0 | CF1048: 3 | CG1048: =IF(CH1048=CI8,CG8,IF(CH1048=CI9,CG9,IF(CH1048=CI10,CG10,IF(CH1048=CI11,CG11,IF(CH1048=CI12,CG12,"ALGO ESTA MAL"))))) -> 0 | CH1048: =LARGE($CI$8:$CI$12,CF1048) -> 0 | CI1048: =IF(CH1048>0.1%,CH1048,"Algo Esta Mal") -> 0 | CJ1048: =IF(CI1048=CH1048,CG1048," ") -> 0 | CO1048: 3 | CP1048: =IF(CQ1048=CR8,CP8,IF(CQ1048=CR9,CP9,IF(CQ1048=CR10,CP10,IF(CQ1048=CR11,CP11,IF(CQ1048=CR12,CP12,"ALGO ESTA MAL"))))) -> 0 | CQ1048: =LARGE($CR$8:$CR$12,CO1048) -> 0 | CR1048: =IF(CQ1048>0.1%,CQ1048,"Algo Esta Mal") -> 0 | CS1048: =IF(CR1048=CQ1048,CP1048," ") -> 0 | CX1048: 3 | CY1048: =IF(CZ1048=DA8,CY8,IF(CZ1048=DA9,CY9,IF(CZ1048=DA10,CY10,IF(CZ1048=DA11,CY11,IF(CZ1048=DA12,CY12,"ALGO ESTA MAL"))))) -> 0 | CZ1048: =LARGE($DA$8:$DA$12,CX1048) -> 0 | DA1048: =IF(CZ1048>0.1%,CZ1048,"Algo Esta Mal") -> 0 | DB1048: =IF(DA1048=CZ1048,CY1048," ") -> 0 | DG1048: 3 | DH1048: =IF(DI1048=DJ8,DH8,IF(DI1048=DJ9,DH9,IF(DI1048=DJ10,DH10,IF(DI1048=DJ11,DH11,IF(DI1048=DJ12,DH12,"ALGO ESTA MAL"))))) -> 0 | DI1048: =LARGE($DJ$8:$DJ$12,DG1048) -> 0 | DJ1048: =IF(DI1048>0.1%,DI1048,"Algo Esta Mal") -> 0 | DK1048: =IF(DJ1048=DI1048,DH1048," ") -> 0 | DP1048: 3 | DQ1048: =IF(DR1048=DS8,DQ8,IF(DR1048=DS9,DQ9,IF(DR1048=DS10,DQ10,IF(DR1048=DS11,DQ11,IF(DR1048=DS12,DQ12,"ALGO ESTA MAL"))))) -> 0 | DR1048: =LARGE($DS$8:$DS$12,DP1048) -> 0 | DS1048: =IF(DR1048>0.1%,DR1048,"Algo Esta Mal") -> 0 | DT1048: =IF(DS1048=DR1048,DQ1048," ") -> 0 | DY1048: 3 | DZ1048: =IF(EA1048=EB8,DZ8,IF(EA1048=EB9,DZ9,IF(EA1048=EB10,DZ10,IF(EA1048=EB11,DZ11,IF(EA1048=EB12,DZ12,"ALGO ESTA MAL"))))) -> 0 | EA1048: =LARGE($EB$8:$EB$12,DY1048) -> 0 | EB1048: =IF(EA1048>0.1%,EA1048,"Algo Esta Mal") -> 0 | EC1048: =IF(EB1048=EA1048,DZ1048," ") -> 0 | EH1048: 3 | EI1048: =IF(EJ1048=EK8,EI8,IF(EJ1048=EK9,EI9,IF(EJ1048=EK10,EI10,IF(EJ1048=EK11,EI11,IF(EJ1048=EK12,EI12,"ALGO ESTA MAL"))))) -> 0 | EJ1048: =LARGE($EK$8:$EK$12,EH1048) -> 0 | EK1048: =IF(EJ1048>0.1%,EJ1048,"Algo Esta Mal") -> 0 | EL1048: =IF(EK1048=EJ1048,EI1048," ") -> 0 | EQ1048: 3 | ER1048: =IF(ES1048=ET8,ER8,IF(ES1048=ET9,ER9,IF(ES1048=ET10,ER10,IF(ES1048=ET11,ER11,IF(ES1048=ET12,ER12,"ALGO ESTA MAL"))))) -> 0 | ES1048: =LARGE($ET$8:$ET$12,EQ1048) -> 0 | ET1048: =IF(ES1048>0.1%,ES1048,"Algo Esta Mal") -> 0 | EU1048: =IF(ET1048=ES1048,ER1048," ") -> 0 | EZ1048: 3 | FA1048: =IF(FB1048=FC8,FA8,IF(FB1048=FC9,FA9,IF(FB1048=FC10,FA10,IF(FB1048=FC11,FA11,IF(FB1048=FC12,FA12,"ALGO ESTA MAL"))))) -> 0 | FB1048: =LARGE($FC$8:$FC$12,EZ1048) -> 0 | FC1048: =IF(FB1048>0.1%,FB1048,"Algo Esta Mal") -> 0 | FD1048: =IF(FC1048=FB1048,FA1048," ") -> 0
C1049: 4 | D1049: =IF(E1049=F8,D8,IF(E1049=F9,D9,IF(E1049=F10,D10,IF(E1049=F11,D11,IF(E1049=F12,D12,"ALGO ESTA MAL"))))) -> 0 | E1049: =LARGE($F$8:$F$12,C1049) -> 0 | F1049: =IF(E1049>0.1%,E1049,"Algo Esta Mal") -> 0 | G1049: =IF(F1049=E1049,D1049," ") -> 0 | L1049: 4 | M1049: =IF(N1049=O8,M8,IF(N1049=O9,M9,IF(N1049=O10,M10,IF(N1049=O11,M11,IF(N1049=O12,M12,"ALGO ESTA MAL"))))) -> 0 | N1049: =LARGE($O$8:$O$12,L1049) -> 0 | O1049: =IF(N1049>0.1%,N1049,"Algo Esta Mal") -> 0 | P1049: =IF(O1049=N1049,M1049," ") -> 0 | U1049: 4 | V1049: =IF(W1049=X8,V8,IF(W1049=X9,V9,IF(W1049=X10,V10,IF(W1049=X11,V11,IF(W1049=X12,V12,"ALGO ESTA MAL"))))) -> 0 | W1049: =LARGE($X$8:$X$12,U1049) -> 0 | X1049: =IF(W1049>0.1%,W1049,"Algo Esta Mal") -> 0 | Y1049: =IF(X1049=W1049,V1049," ") -> 0 | AD1049: 4 | AE1049: =IF(AF1049=AG8,AE8,IF(AF1049=AG9,AE9,IF(AF1049=AG10,AE10,IF(AF1049=AG11,AE11,IF(AF1049=AG12,AE12,"ALGO ESTA MAL"))))) -> 0 | AF1049: =LARGE($AG$8:$AG$12,AD1049) -> 0 | AG1049: =IF(AF1049>0.1%,AF1049,"Algo Esta Mal") -> 0 | AH1049: =IF(AG1049=AF1049,AE1049," ") -> 0 | AM1049: 4 | AN1049: =IF(AO1049=AP8,AN8,IF(AO1049=AP9,AN9,IF(AO1049=AP10,AN10,IF(AO1049=AP11,AN11,IF(AO1049=AP12,AN12,"ALGO ESTA MAL"))))) -> 0 | AO1049: =LARGE($AP$8:$AP$12,AM1049) -> 0 | AP1049: =IF(AO1049>0.1%,AO1049,"Algo Esta Mal") -> 0 | AQ1049: =IF(AP1049=AO1049,AN1049," ") -> 0 | AV1049: 4 | AW1049: =IF(AX1049=AY8,AW8,IF(AX1049=AY9,AW9,IF(AX1049=AY10,AW10,IF(AX1049=AY11,AW11,IF(AX1049=AY12,AW12,"ALGO ESTA MAL"))))) -> 0 | AX1049: =LARGE($AY$8:$AY$12,AV1049) -> 0 | AY1049: =IF(AX1049>0.1%,AX1049,"Algo Esta Mal") -> 0 | AZ1049: =IF(AY1049=AX1049,AW1049," ") -> 0 | BE1049: 4 | BF1049: =IF(BG1049=BH8,BF8,IF(BG1049=BH9,BF9,IF(BG1049=BH10,BF10,IF(BG1049=BH11,BF11,IF(BG1049=BH12,BF12,"ALGO ESTA MAL"))))) -> 0 | BG1049: =LARGE($BH$8:$BH$12,BE1049) -> 0 | BH1049: =IF(BG1049>0.1%,BG1049,"Algo Esta Mal") -> 0 | BI1049: =IF(BH1049=BG1049,BF1049," ") -> 0 | BN1049: 4 | BO1049: =IF(BP1049=BQ8,BO8,IF(BP1049=BQ9,BO9,IF(BP1049=BQ10,BO10,IF(BP1049=BQ11,BO11,IF(BP1049=BQ12,BO12,"ALGO ESTA MAL"))))) -> 0 | BP1049: =LARGE($BQ$8:$BQ$12,BN1049) -> 0 | BQ1049: =IF(BP1049>0.1%,BP1049,"Algo Esta Mal") -> 0 | BR1049: =IF(BQ1049=BP1049,BO1049," ") -> 0 | BW1049: 4 | BX1049: =IF(BY1049=BZ8,BX8,IF(BY1049=BZ9,BX9,IF(BY1049=BZ10,BX10,IF(BY1049=BZ11,BX11,IF(BY1049=BZ12,BX12,"ALGO ESTA MAL"))))) -> 0 | BY1049: =LARGE($BZ$8:$BZ$12,BW1049) -> 0 | BZ1049: =IF(BY1049>0.1%,BY1049,"Algo Esta Mal") -> 0 | CA1049: =IF(BZ1049=BY1049,BX1049," ") -> 0 | CF1049: 4 | CG1049: =IF(CH1049=CI8,CG8,IF(CH1049=CI9,CG9,IF(CH1049=CI10,CG10,IF(CH1049=CI11,CG11,IF(CH1049=CI12,CG12,"ALGO ESTA MAL"))))) -> 0 | CH1049: =LARGE($CI$8:$CI$12,CF1049) -> 0 | CI1049: =IF(CH1049>0.1%,CH1049,"Algo Esta Mal") -> 0 | CJ1049: =IF(CI1049=CH1049,CG1049," ") -> 0 | CO1049: 4 | CP1049: =IF(CQ1049=CR8,CP8,IF(CQ1049=CR9,CP9,IF(CQ1049=CR10,CP10,IF(CQ1049=CR11,CP11,IF(CQ1049=CR12,CP12,"ALGO ESTA MAL"))))) -> 0 | CQ1049: =LARGE($CR$8:$CR$12,CO1049) -> 0 | CR1049: =IF(CQ1049>0.1%,CQ1049,"Algo Esta Mal") -> 0 | CS1049: =IF(CR1049=CQ1049,CP1049," ") -> 0 | CX1049: 4 | CY1049: =IF(CZ1049=DA8,CY8,IF(CZ1049=DA9,CY9,IF(CZ1049=DA10,CY10,IF(CZ1049=DA11,CY11,IF(CZ1049=DA12,CY12,"ALGO ESTA MAL"))))) -> 0 | CZ1049: =LARGE($DA$8:$DA$12,CX1049) -> 0 | DA1049: =IF(CZ1049>0.1%,CZ1049,"Algo Esta Mal") -> 0 | DB1049: =IF(DA1049=CZ1049,CY1049," ") -> 0 | DG1049: 4 | DH1049: =IF(DI1049=DJ8,DH8,IF(DI1049=DJ9,DH9,IF(DI1049=DJ10,DH10,IF(DI1049=DJ11,DH11,IF(DI1049=DJ12,DH12,"ALGO ESTA MAL"))))) -> 0 | DI1049: =LARGE($DJ$8:$DJ$12,DG1049) -> 0 | DJ1049: =IF(DI1049>0.1%,DI1049,"Algo Esta Mal") -> 0 | DK1049: =IF(DJ1049=DI1049,DH1049," ") -> 0 | DP1049: 4 | DQ1049: =IF(DR1049=DS8,DQ8,IF(DR1049=DS9,DQ9,IF(DR1049=DS10,DQ10,IF(DR1049=DS11,DQ11,IF(DR1049=DS12,DQ12,"ALGO ESTA MAL"))))) -> 0 | DR1049: =LARGE($DS$8:$DS$12,DP1049) -> 0 | DS1049: =IF(DR1049>0.1%,DR1049,"Algo Esta Mal") -> 0 | DT1049: =IF(DS1049=DR1049,DQ1049," ") -> 0 | DY1049: 4 | DZ1049: =IF(EA1049=EB8,DZ8,IF(EA1049=EB9,DZ9,IF(EA1049=EB10,DZ10,IF(EA1049=EB11,DZ11,IF(EA1049=EB12,DZ12,"ALGO ESTA MAL"))))) -> 0 | EA1049: =LARGE($EB$8:$EB$12,DY1049) -> 0 | EB1049: =IF(EA1049>0.1%,EA1049,"Algo Esta Mal") -> 0 | EC1049: =IF(EB1049=EA1049,DZ1049," ") -> 0 | EH1049: 4 | EI1049: =IF(EJ1049=EK8,EI8,IF(EJ1049=EK9,EI9,IF(EJ1049=EK10,EI10,IF(EJ1049=EK11,EI11,IF(EJ1049=EK12,EI12,"ALGO ESTA MAL"))))) -> 0 | EJ1049: =LARGE($EK$8:$EK$12,EH1049) -> 0 | EK1049: =IF(EJ1049>0.1%,EJ1049,"Algo Esta Mal") -> 0 | EL1049: =IF(EK1049=EJ1049,EI1049," ") -> 0 | EQ1049: 4 | ER1049: =IF(ES1049=ET8,ER8,IF(ES1049=ET9,ER9,IF(ES1049=ET10,ER10,IF(ES1049=ET11,ER11,IF(ES1049=ET12,ER12,"ALGO ESTA MAL"))))) -> 0 | ES1049: =LARGE($ET$8:$ET$12,EQ1049) -> 0 | ET1049: =IF(ES1049>0.1%,ES1049,"Algo Esta Mal") -> 0 | EU1049: =IF(ET1049=ES1049,ER1049," ") -> 0 | EZ1049: 4 | FA1049: =IF(FB1049=FC8,FA8,IF(FB1049=FC9,FA9,IF(FB1049=FC10,FA10,IF(FB1049=FC11,FA11,IF(FB1049=FC12,FA12,"ALGO ESTA MAL"))))) -> 0 | FB1049: =LARGE($FC$8:$FC$12,EZ1049) -> 0 | FC1049: =IF(FB1049>0.1%,FB1049,"Algo Esta Mal") -> 0 | FD1049: =IF(FC1049=FB1049,FA1049," ") -> 0
C1050: 5 | D1050: =IF(E1050=F8,D8,IF(E1050=F9,D9,IF(E1050=F10,D10,IF(E1050=F11,D11,IF(E1050=F12,D12,"ALGO ESTA MAL"))))) -> 0 | E1050: =LARGE($F$8:$F$12,C1050) -> 0 | F1050: =IF(E1050>0.1%,E1050,"Algo Esta Mal") -> 0 | G1050: =IF(F1050=E1050,D1050," ") -> 0 | L1050: 5 | M1050: =IF(N1050=O8,M8,IF(N1050=O9,M9,IF(N1050=O10,M10,IF(N1050=O11,M11,IF(N1050=O12,M12,"ALGO ESTA MAL"))))) -> 0 | N1050: =LARGE($O$8:$O$12,L1050) -> 0 | O1050: =IF(N1050>0.1%,N1050,"Algo Esta Mal") -> 0 | P1050: =IF(O1050=N1050,M1050," ") -> 0 | U1050: 5 | V1050: =IF(W1050=X8,V8,IF(W1050=X9,V9,IF(W1050=X10,V10,IF(W1050=X11,V11,IF(W1050=X12,V12,"ALGO ESTA MAL"))))) -> 0 | W1050: =LARGE($X$8:$X$12,U1050) -> 0 | X1050: =IF(W1050>0.1%,W1050,"Algo Esta Mal") -> 0 | Y1050: =IF(X1050=W1050,V1050," ") -> 0 | AD1050: 5 | AE1050: =IF(AF1050=AG8,AE8,IF(AF1050=AG9,AE9,IF(AF1050=AG10,AE10,IF(AF1050=AG11,AE11,IF(AF1050=AG12,AE12,"ALGO ESTA MAL"))))) -> 0 | AF1050: =LARGE($AG$8:$AG$12,AD1050) -> 0 | AG1050: =IF(AF1050>0.1%,AF1050,"Algo Esta Mal") -> 0 | AH1050: =IF(AG1050=AF1050,AE1050," ") -> 0 | AM1050: 5 | AN1050: =IF(AO1050=AP8,AN8,IF(AO1050=AP9,AN9,IF(AO1050=AP10,AN10,IF(AO1050=AP11,AN11,IF(AO1050=AP12,AN12,"ALGO ESTA MAL"))))) -> 0 | AO1050: =LARGE($AP$8:$AP$12,AM1050) -> 0 | AP1050: =IF(AO1050>0.1%,AO1050,"Algo Esta Mal") -> 0 | AQ1050: =IF(AP1050=AO1050,AN1050," ") -> 0 | AV1050: 5 | AW1050: =IF(AX1050=AY8,AW8,IF(AX1050=AY9,AW9,IF(AX1050=AY10,AW10,IF(AX1050=AY11,AW11,IF(AX1050=AY12,AW12,"ALGO ESTA MAL"))))) -> 0 | AX1050: =LARGE($AY$8:$AY$12,AV1050) -> 0 | AY1050: =IF(AX1050>0.1%,AX1050,"Algo Esta Mal") -> 0 | AZ1050: =IF(AY1050=AX1050,AW1050," ") -> 0 | BE1050: 5 | BF1050: =IF(BG1050=BH8,BF8,IF(BG1050=BH9,BF9,IF(BG1050=BH10,BF10,IF(BG1050=BH11,BF11,IF(BG1050=BH12,BF12,"ALGO ESTA MAL"))))) -> 0 | BG1050: =LARGE($BH$8:$BH$12,BE1050) -> 0 | BH1050: =IF(BG1050>0.1%,BG1050,"Algo Esta Mal") -> 0 | BI1050: =IF(BH1050=BG1050,BF1050," ") -> 0 | BN1050: 5 | BO1050: =IF(BP1050=BQ8,BO8,IF(BP1050=BQ9,BO9,IF(BP1050=BQ10,BO10,IF(BP1050=BQ11,BO11,IF(BP1050=BQ12,BO12,"ALGO ESTA MAL"))))) -> 0 | BP1050: =LARGE($BQ$8:$BQ$12,BN1050) -> 0 | BQ1050: =IF(BP1050>0.1%,BP1050,"Algo Esta Mal") -> 0 | BR1050: =IF(BQ1050=BP1050,BO1050," ") -> 0 | BW1050: 5 | BX1050: =IF(BY1050=BZ8,BX8,IF(BY1050=BZ9,BX9,IF(BY1050=BZ10,BX10,IF(BY1050=BZ11,BX11,IF(BY1050=BZ12,BX12,"ALGO ESTA MAL"))))) -> 0 | BY1050: =LARGE($BZ$8:$BZ$12,BW1050) -> 0 | BZ1050: =IF(BY1050>0.1%,BY1050,"Algo Esta Mal") -> 0 | CA1050: =IF(BZ1050=BY1050,BX1050," ") -> 0 | CF1050: 5 | CG1050: =IF(CH1050=CI8,CG8,IF(CH1050=CI9,CG9,IF(CH1050=CI10,CG10,IF(CH1050=CI11,CG11,IF(CH1050=CI12,CG12,"ALGO ESTA MAL"))))) -> 0 | CH1050: =LARGE($CI$8:$CI$12,CF1050) -> 0 | CI1050: =IF(CH1050>0.1%,CH1050,"Algo Esta Mal") -> 0 | CJ1050: =IF(CI1050=CH1050,CG1050," ") -> 0 | CO1050: 5 | CP1050: =IF(CQ1050=CR8,CP8,IF(CQ1050=CR9,CP9,IF(CQ1050=CR10,CP10,IF(CQ1050=CR11,CP11,IF(CQ1050=CR12,CP12,"ALGO ESTA MAL"))))) -> 0 | CQ1050: =LARGE($CR$8:$CR$12,CO1050) -> 0 | CR1050: =IF(CQ1050>0.1%,CQ1050,"Algo Esta Mal") -> 0 | CS1050: =IF(CR1050=CQ1050,CP1050," ") -> 0 | CX1050: 5 | CY1050: =IF(CZ1050=DA8,CY8,IF(CZ1050=DA9,CY9,IF(CZ1050=DA10,CY10,IF(CZ1050=DA11,CY11,IF(CZ1050=DA12,CY12,"ALGO ESTA MAL"))))) -> 0 | CZ1050: =LARGE($DA$8:$DA$12,CX1050) -> 0 | DA1050: =IF(CZ1050>0.1%,CZ1050,"Algo Esta Mal") -> 0 | DB1050: =IF(DA1050=CZ1050,CY1050," ") -> 0 | DG1050: 5 | DH1050: =IF(DI1050=DJ8,DH8,IF(DI1050=DJ9,DH9,IF(DI1050=DJ10,DH10,IF(DI1050=DJ11,DH11,IF(DI1050=DJ12,DH12,"ALGO ESTA MAL"))))) -> 0 | DI1050: =LARGE($DJ$8:$DJ$12,DG1050) -> 0 | DJ1050: =IF(DI1050>0.1%,DI1050,"Algo Esta Mal") -> 0 | DK1050: =IF(DJ1050=DI1050,DH1050," ") -> 0 | DP1050: 5 | DQ1050: =IF(DR1050=DS8,DQ8,IF(DR1050=DS9,DQ9,IF(DR1050=DS10,DQ10,IF(DR1050=DS11,DQ11,IF(DR1050=DS12,DQ12,"ALGO ESTA MAL"))))) -> 0 | DR1050: =LARGE($DS$8:$DS$12,DP1050) -> 0 | DS1050: =IF(DR1050>0.1%,DR1050,"Algo Esta Mal") -> 0 | DT1050: =IF(DS1050=DR1050,DQ1050," ") -> 0 | DY1050: 5 | DZ1050: =IF(EA1050=EB8,DZ8,IF(EA1050=EB9,DZ9,IF(EA1050=EB10,DZ10,IF(EA1050=EB11,DZ11,IF(EA1050=EB12,DZ12,"ALGO ESTA MAL"))))) -> 0 | EA1050: =LARGE($EB$8:$EB$12,DY1050) -> 0 | EB1050: =IF(EA1050>0.1%,EA1050,"Algo Esta Mal") -> 0 | EC1050: =IF(EB1050=EA1050,DZ1050," ") -> 0 | EH1050: 5 | EI1050: =IF(EJ1050=EK8,EI8,IF(EJ1050=EK9,EI9,IF(EJ1050=EK10,EI10,IF(EJ1050=EK11,EI11,IF(EJ1050=EK12,EI12,"ALGO ESTA MAL"))))) -> 0 | EJ1050: =LARGE($EK$8:$EK$12,EH1050) -> 0 | EK1050: =IF(EJ1050>0.1%,EJ1050,"Algo Esta Mal") -> 0 | EL1050: =IF(EK1050=EJ1050,EI1050," ") -> 0 | EQ1050: 5 | ER1050: =IF(ES1050=ET8,ER8,IF(ES1050=ET9,ER9,IF(ES1050=ET10,ER10,IF(ES1050=ET11,ER11,IF(ES1050=ET12,ER12,"ALGO ESTA MAL"))))) -> 0 | ES1050: =LARGE($ET$8:$ET$12,EQ1050) -> 0 | ET1050: =IF(ES1050>0.1%,ES1050,"Algo Esta Mal") -> 0 | EU1050: =IF(ET1050=ES1050,ER1050," ") -> 0 | EZ1050: 5 | FA1050: =IF(FB1050=FC8,FA8,IF(FB1050=FC9,FA9,IF(FB1050=FC10,FA10,IF(FB1050=FC11,FA11,IF(FB1050=FC12,FA12,"ALGO ESTA MAL"))))) -> 0 | FB1050: =LARGE($FC$8:$FC$12,EZ1050) -> 0 | FC1050: =IF(FB1050>0.1%,FB1050,"Algo Esta Mal") -> 0 | FD1050: =IF(FC1050=FB1050,FA1050," ") -> 0
D1052: Mayoria | M1052: Mayoria | V1052: Mayoria | AE1052: Mayoria | AN1052: Mayoria | AW1052: Mayoria | BF1052: Mayoria | BO1052: Mayoria | BX1052: Mayoria | CG1052: Mayoria | CP1052: Mayoria | CY1052: Mayoria | DH1052: Mayoria | DQ1052: Mayoria | DZ1052: Mayoria | EI1052: Mayoria | ER1052: Mayoria | FA1052: Mayoria
D1053: =SUM(F8:F10) -> 0 | E1053: =MAX(D1053:D1054) -> 0 | M1053: =SUM(O8:O10) -> 0 | N1053: =MAX(M1053:M1054) -> 0 | V1053: =SUM(X8:X10) -> 0 | W1053: =MAX(V1053:V1054) -> 0 | AE1053: =SUM(AG8:AG10) -> 0 | AF1053: =MAX(AE1053:AE1054) -> 0 | AN1053: =SUM(AP8:AP10) -> 0 | AO1053: =MAX(AN1053:AN1054) -> 0 | AW1053: =SUM(AY8:AY10) -> 0 | AX1053: =MAX(AW1053:AW1054) -> 0 | BF1053: =SUM(BH8:BH10) -> 0 | BG1053: =MAX(BF1053:BF1054) -> 0 | BO1053: =SUM(BQ8:BQ10) -> 0 | BP1053: =MAX(BO1053:BO1054) -> 0 | BX1053: =SUM(BZ8:BZ10) -> 0 | BY1053: =MAX(BX1053:BX1054) -> 0 | CG1053: =SUM(CI8:CI10) -> 0 | CH1053: =MAX(CG1053:CG1054) -> 0 | CP1053: =SUM(CR8:CR10) -> 0 | CQ1053: =MAX(CP1053:CP1054) -> 0 | CY1053: =SUM(DA8:DA10) -> 0 | CZ1053: =MAX(CY1053:CY1054) -> 0 | DH1053: =SUM(DJ8:DJ10) -> 0 | DI1053: =MAX(DH1053:DH1054) -> 0 | DQ1053: =SUM(DS8:DS10) -> 0 | DR1053: =MAX(DQ1053:DQ1054) -> 0 | DZ1053: =SUM(EB8:EB10) -> 0 | EA1053: =MAX(DZ1053:DZ1054) -> 0 | EI1053: =SUM(EK8:EK10) -> 0 | EJ1053: =MAX(EI1053:EI1054) -> 0 | ER1053: =SUM(ET8:ET10) -> 0 | ES1053: =MAX(ER1053:ER1054) -> 0 | FA1053: =SUM(FC8:FC10) -> 0 | FB1053: =MAX(FA1053:FA1054) -> 0
D1054: =SUM(F10:F12) -> 0 | M1054: =SUM(O10:O12) -> 0 | V1054: =SUM(X10:X12) -> 0 | AE1054: =SUM(AG10:AG12) -> 0 | AN1054: =SUM(AP10:AP12) -> 0 | AW1054: =SUM(AY10:AY12) -> 0 | BF1054: =SUM(BH10:BH12) -> 0 | BO1054: =SUM(BQ10:BQ12) -> 0 | BX1054: =SUM(BZ10:BZ12) -> 0 | CG1054: =SUM(CI10:CI12) -> 0 | CP1054: =SUM(CR10:CR12) -> 0 | CY1054: =SUM(DA10:DA12) -> 0 | DH1054: =SUM(DJ10:DJ12) -> 0 | DQ1054: =SUM(DS10:DS12) -> 0 | DZ1054: =SUM(EB10:EB12) -> 0 | EI1054: =SUM(EK10:EK12) -> 0 | ER1054: =SUM(ET10:ET12) -> 0 | FA1054: =SUM(FC10:FC12) -> 0
D1056: Bajo | E1056: =SUM(F8:F9) -> 0 | M1056: Bajo | N1056: =SUM(O8:O9) -> 0 | V1056: Bajo | W1056: =SUM(X8:X9) -> 0 | AE1056: Bajo | AF1056: =SUM(AG8:AG9) -> 0 | AN1056: Bajo | AO1056: =SUM(AP8:AP9) -> 0 | AW1056: Bajo | AX1056: =SUM(AY8:AY9) -> 0 | BF1056: Bajo | BG1056: =SUM(BH8:BH9) -> 0 | BO1056: Bajo | BP1056: =SUM(BQ8:BQ9) -> 0 | BX1056: Bajo | BY1056: =SUM(BZ8:BZ9) -> 0 | CG1056: Bajo | CH1056: =SUM(CI8:CI9) -> 0 | CP1056: Bajo | CQ1056: =SUM(CR8:CR9) -> 0 | CY1056: Bajo | CZ1056: =SUM(DA8:DA9) -> 0 | DH1056: Bajo | DI1056: =SUM(DJ8:DJ9) -> 0 | DQ1056: Bajo | DR1056: =SUM(DS8:DS9) -> 0 | DZ1056: Bajo | EA1056: =SUM(EB8:EB9) -> 0 | EI1056: Bajo | EJ1056: =SUM(EK8:EK9) -> 0 | ER1056: Bajo | ES1056: =SUM(ET8:ET9) -> 0 | FA1056: Bajo | FB1056: =SUM(FC8:FC9) -> 0
D1057: Medio | E1057: =SUM(F10) -> 0 | M1057: Medio | N1057: =SUM(O10) -> 0 | V1057: Medio | W1057: =SUM(X10) -> 0 | AE1057: Medio | AF1057: =SUM(AG10) -> 0 | AN1057: Medio | AO1057: =SUM(AP10) -> 0 | AW1057: Medio | AX1057: =SUM(AY10) -> 0 | BF1057: Medio | BG1057: =SUM(BH10) -> 0 | BO1057: Medio | BP1057: =SUM(BQ10) -> 0 | BX1057: Medio | BY1057: =SUM(BZ10) -> 0 | CG1057: Medio | CH1057: =SUM(CI10) -> 0 | CP1057: Medio | CQ1057: =SUM(CR10) -> 0 | CY1057: Medio | CZ1057: =SUM(DA10) -> 0 | DH1057: Medio | DI1057: =SUM(DJ10) -> 0 | DQ1057: Medio | DR1057: =SUM(DS10) -> 0 | DZ1057: Medio | EA1057: =SUM(EB10) -> 0 | EI1057: Medio | EJ1057: =SUM(EK10) -> 0 | ER1057: Medio | ES1057: =SUM(ET10) -> 0 | FA1057: Medio | FB1057: =SUM(FC10) -> 0
D1058: Alto | E1058: =SUM(F11:F12) -> 0 | M1058: Alto | N1058: =SUM(O11:O12) -> 0 | V1058: Alto | W1058: =SUM(X11:X12) -> 0 | AE1058: Alto | AF1058: =SUM(AG11:AG12) -> 0 | AN1058: Alto | AO1058: =SUM(AP11:AP12) -> 0 | AW1058: Alto | AX1058: =SUM(AY11:AY12) -> 0 | BF1058: Alto | BG1058: =SUM(BH11:BH12) -> 0 | BO1058: Alto | BP1058: =SUM(BQ11:BQ12) -> 0 | BX1058: Alto | BY1058: =SUM(BZ11:BZ12) -> 0 | CG1058: Alto | CH1058: =SUM(CI11:CI12) -> 0 | CP1058: Alto | CQ1058: =SUM(CR11:CR12) -> 0 | CY1058: Alto | CZ1058: =SUM(DA11:DA12) -> 0 | DH1058: Alto | DI1058: =SUM(DJ11:DJ12) -> 0 | DQ1058: Alto | DR1058: =SUM(DS11:DS12) -> 0 | DZ1058: Alto | EA1058: =SUM(EB11:EB12) -> 0 | EI1058: Alto | EJ1058: =SUM(EK11:EK12) -> 0 | ER1058: Alto | ES1058: =SUM(ET11:ET12) -> 0 | FA1058: Alto | FB1058: =SUM(FC11:FC12) -> 0
E1060: =IF(E1056>=51%,D1056,IF(E1057>=51%,D1057,IF(E1058>=51%,D1058,IF(SUM(E1056:E1057)>SUM(E1057:E1058),D1056,IF(SUM(E1056:E1057)<SUM(E1057:E1058),D1058,"Algo esta Mal"))))) -> 0 | N1060: =IF(N1056>=51%,M1056,IF(N1057>=51%,M1057,IF(N1058>=51%,M1058,IF(SUM(N1056:N1057)>SUM(N1057:N1058),M1056,IF(SUM(N1056:N1057)<SUM(N1057:N1058),M1058,"Algo esta Mal"))))) -> 0 | W1060: =IF(W1056>=51%,V1056,IF(W1057>=51%,V1057,IF(W1058>=51%,V1058,IF(SUM(W1056:W1057)>SUM(W1057:W1058),V1056,IF(SUM(W1056:W1057)<SUM(W1057:W1058),V1058,"Algo esta Mal"))))) -> 0 | AF1060: =IF(AF1056>=51%,AE1056,IF(AF1057>=51%,AE1057,IF(AF1058>=51%,AE1058,IF(SUM(AF1056:AF1057)>SUM(AF1057:AF1058),AE1056,IF(SUM(AF1056:AF1057)<SUM(AF1057:AF1058),AE1058,"Algo esta Mal"))))) -> 0 | AO1060: =IF(AO1056>=51%,AN1056,IF(AO1057>=51%,AN1057,IF(AO1058>=51%,AN1058,IF(SUM(AO1056:AO1057)>SUM(AO1057:AO1058),AN1056,IF(SUM(AO1056:AO1057)<SUM(AO1057:AO1058),AN1058,"Algo esta Mal"))))) -> 0 | AX1060: =IF(AX1056>=51%,AW1056,IF(AX1057>=51%,AW1057,IF(AX1058>=51%,AW1058,IF(SUM(AX1056:AX1057)>SUM(AX1057:AX1058),AW1056,IF(SUM(AX1056:AX1057)<SUM(AX1057:AX1058),AW1058,"Algo esta Mal"))))) -> 0 | BG1060: =IF(BG1056>=51%,BF1056,IF(BG1057>=51%,BF1057,IF(BG1058>=51%,BF1058,IF(SUM(BG1056:BG1057)>SUM(BG1057:BG1058),BF1056,IF(SUM(BG1056:BG1057)<SUM(BG1057:BG1058),BF1058,"Algo esta Mal"))))) -> 0 | BP1060: =IF(BP1056>=51%,BO1056,IF(BP1057>=51%,BO1057,IF(BP1058>=51%,BO1058,IF(SUM(BP1056:BP1057)>SUM(BP1057:BP1058),BO1056,IF(SUM(BP1056:BP1057)<SUM(BP1057:BP1058),BO1058,"Algo esta Mal"))))) -> 0 | BY1060: =IF(BY1056>=51%,BX1056,IF(BY1057>=51%,BX1057,IF(BY1058>=51%,BX1058,IF(SUM(BY1056:BY1057)>SUM(BY1057:BY1058),BX1056,IF(SUM(BY1056:BY1057)<SUM(BY1057:BY1058),BX1058,"Algo esta Mal"))))) -> 0 | CH1060: =IF(CH1056>=51%,CG1056,IF(CH1057>=51%,CG1057,IF(CH1058>=51%,CG1058,IF(SUM(CH1056:CH1057)>SUM(CH1057:CH1058),CG1056,IF(SUM(CH1056:CH1057)<SUM(CH1057:CH1058),CG1058,"Algo esta Mal"))))) -> 0 | CQ1060: =IF(CQ1056>=51%,CP1056,IF(CQ1057>=51%,CP1057,IF(CQ1058>=51%,CP1058,IF(SUM(CQ1056:CQ1057)>SUM(CQ1057:CQ1058),CP1056,IF(SUM(CQ1056:CQ1057)<SUM(CQ1057:CQ1058),CP1058,"Algo esta Mal"))))) -> 0 | CZ1060: =IF(CZ1056>=51%,CY1056,IF(CZ1057>=51%,CY1057,IF(CZ1058>=51%,CY1058,IF(SUM(CZ1056:CZ1057)>SUM(CZ1057:CZ1058),CY1056,IF(SUM(CZ1056:CZ1057)<SUM(CZ1057:CZ1058),CY1058,"Algo esta Mal"))))) -> 0 | DI1060: =IF(DI1056>=51%,DH1056,IF(DI1057>=51%,DH1057,IF(DI1058>=51%,DH1058,IF(SUM(DI1056:DI1057)>SUM(DI1057:DI1058),DH1056,IF(SUM(DI1056:DI1057)<SUM(DI1057:DI1058),DH1058,"Algo esta Mal"))))) -> 0 | DR1060: =IF(DR1056>=51%,DQ1056,IF(DR1057>=51%,DQ1057,IF(DR1058>=51%,DQ1058,IF(SUM(DR1056:DR1057)>SUM(DR1057:DR1058),DQ1056,IF(SUM(DR1056:DR1057)<SUM(DR1057:DR1058),DQ1058,"Algo esta Mal"))))) -> 0 | EA1060: =IF(EA1056>=51%,DZ1056,IF(EA1057>=51%,DZ1057,IF(EA1058>=51%,DZ1058,IF(SUM(EA1056:EA1057)>SUM(EA1057:EA1058),DZ1056,IF(SUM(EA1056:EA1057)<SUM(EA1057:EA1058),DZ1058,"Algo esta Mal"))))) -> 0 | EJ1060: =IF(EJ1056>=51%,EI1056,IF(EJ1057>=51%,EI1057,IF(EJ1058>=51%,EI1058,IF(SUM(EJ1056:EJ1057)>SUM(EJ1057:EJ1058),EI1056,IF(SUM(EJ1056:EJ1057)<SUM(EJ1057:EJ1058),EI1058,"Algo esta Mal"))))) -> 0 | ES1060: =IF(ES1056>=51%,ER1056,IF(ES1057>=51%,ER1057,IF(ES1058>=51%,ER1058,IF(SUM(ES1056:ES1057)>SUM(ES1057:ES1058),ER1056,IF(SUM(ES1056:ES1057)<SUM(ES1057:ES1058),ER1058,"Algo esta Mal"))))) -> 0 | FB1060: =IF(FB1056>=51%,FA1056,IF(FB1057>=51%,FA1057,IF(FB1058>=51%,FA1058,IF(SUM(FB1056:FB1057)>SUM(FB1057:FB1058),FA1056,IF(SUM(FB1056:FB1057)<SUM(FB1057:FB1058),FA1058,"Algo esta Mal"))))) -> 0
E1062: x | N1062: x | W1062: x | AO1062: x | AX1062: x | BG1062: x | BP1062: x | CH1062: x | CQ1062: x | CZ1062: x | DI1062: x | DR1062: x | EA1062: x | EJ1062: x | ES1062: x | FB1062: x
D2008: =('Gestión de abastecimiento'!A1289) -> 0 | E2008: =('Gestión de abastecimiento'!B1289) -> 0 | F2008: =('Gestión de abastecimiento'!B1295) -> 0 | M2008: =('Gestión de abastecimiento'!A1289) -> 0 | N2008: =('Gestión de abastecimiento'!C1289) -> 0 | O2008: =('Gestión de abastecimiento'!C1295) -> 0 | V2008: =('Gestión de abastecimiento'!A1289) -> 0 | W2008: =('Gestión de abastecimiento'!D1289) -> 0 | X2008: =('Gestión de abastecimiento'!D1295) -> 0 | AE2008: =('Gestión de abastecimiento'!A1289) -> 0 | AF2008: =('Gestión de abastecimiento'!E1289) -> 0 | AG2008: =('Gestión de abastecimiento'!E1295) -> 0 | AN2008: =('Gestión de abastecimiento'!A1289) -> 0 | AO2008: =('Gestión de abastecimiento'!F1289) -> 0 | AP2008: =('Gestión de abastecimiento'!F1295) -> 0 | AW2008: =('Gestión de abastecimiento'!A1289) -> 0 | AX2008: =('Gestión de abastecimiento'!G1289) -> 0 | AY2008: =('Gestión de abastecimiento'!G1295) -> 0 | BF2008: =('Gestión de abastecimiento'!A1289) -> 0 | BG2008: =('Gestión de abastecimiento'!H1289) -> 0 | BH2008: =('Gestión de abastecimiento'!H1295) -> 0 | BO2008: =('Gestión de abastecimiento'!A1289) -> 0 | BP2008: =('Gestión de abastecimiento'!I1289) -> 0 | BQ2008: =('Gestión de abastecimiento'!I1295) -> 0 | BX2008: =('Gestión de abastecimiento'!A1289) -> 0 | BY2008: =('Gestión de abastecimiento'!J1289) -> 0 | BZ2008: =('Gestión de abastecimiento'!J1295) -> 0 | CG2008: =('Gestión de abastecimiento'!A1289) -> 0 | CH2008: =('Gestión de abastecimiento'!K1289) -> 0 | CI2008: =('Gestión de abastecimiento'!K1295) -> 0 | CP2008: =('Gestión de abastecimiento'!A1289) -> 0 | CQ2008: =('Gestión de abastecimiento'!L1289) -> 0 | CR2008: =('Gestión de abastecimiento'!L1295) -> 0 | CY2008: =('Gestión de abastecimiento'!A1289) -> 0 | CZ2008: =('Gestión de abastecimiento'!M1289) -> 0 | DA2008: =('Gestión de abastecimiento'!M1295) -> 0 | DH2008: =('Gestión de abastecimiento'!A1289) -> 0 | DI2008: =('Gestión de abastecimiento'!N1289) -> 0 | DJ2008: =('Gestión de abastecimiento'!N1295) -> 0 | DQ2008: =('Gestión de abastecimiento'!A1289) -> 0 | DR2008: =('Gestión de abastecimiento'!O1289) -> 0 | DS2008: =('Gestión de abastecimiento'!O1295) -> 0 | DZ2008: =('Gestión de abastecimiento'!A1289) -> 0 | EA2008: =('Gestión de abastecimiento'!P1289) -> 0 | EB2008: =('Gestión de abastecimiento'!P1295) -> 0 | EI2008: =('Gestión de abastecimiento'!A1289) -> 0 | EJ2008: =('Gestión de abastecimiento'!Q1289) -> 0 | EK2008: =('Gestión de abastecimiento'!Q1295) -> 0 | ER2008: =('Gestión de abastecimiento'!A1289) -> 0 | ES2008: =('Gestión de abastecimiento'!R1289) -> 0 | ET2008: =('Gestión de abastecimiento'!R1295) -> 0 | FA2008: =('Gestión de abastecimiento'!A1289) -> 0 | FB2008: =('Gestión de abastecimiento'!S1289) -> 0 | FC2008: =('Gestión de abastecimiento'!S1295) -> 0
D2009: =('Gestión de abastecimiento'!A1290) -> 0 | E2009: =('Gestión de abastecimiento'!B1290) -> 0 | F2009: =('Gestión de abastecimiento'!B1296) -> 0 | M2009: =('Gestión de abastecimiento'!A1290) -> 0 | N2009: =('Gestión de abastecimiento'!C1290) -> 0 | O2009: =('Gestión de abastecimiento'!C1296) -> 0 | V2009: =('Gestión de abastecimiento'!A1290) -> 0 | W2009: =('Gestión de abastecimiento'!D1290) -> 0 | X2009: =('Gestión de abastecimiento'!D1296) -> 0 | AE2009: =('Gestión de abastecimiento'!A1290) -> 0 | AF2009: =('Gestión de abastecimiento'!E1290) -> 0 | AG2009: =('Gestión de abastecimiento'!E1296) -> 0 | AN2009: =('Gestión de abastecimiento'!A1290) -> 0 | AO2009: =('Gestión de abastecimiento'!F1290) -> 0 | AP2009: =('Gestión de abastecimiento'!F1296) -> 0 | AW2009: =('Gestión de abastecimiento'!A1290) -> 0 | AX2009: =('Gestión de abastecimiento'!G1290) -> 0 | AY2009: =('Gestión de abastecimiento'!G1296) -> 0 | BF2009: =('Gestión de abastecimiento'!A1290) -> 0 | BG2009: =('Gestión de abastecimiento'!H1290) -> 0 | BH2009: =('Gestión de abastecimiento'!H1296) -> 0 | BO2009: =('Gestión de abastecimiento'!A1290) -> 0 | BP2009: =('Gestión de abastecimiento'!I1290) -> 0 | BQ2009: =('Gestión de abastecimiento'!I1296) -> 0 | BX2009: =('Gestión de abastecimiento'!A1290) -> 0 | BY2009: =('Gestión de abastecimiento'!J1290) -> 0 | BZ2009: =('Gestión de abastecimiento'!J1296) -> 0 | CG2009: =('Gestión de abastecimiento'!A1290) -> 0 | CH2009: =('Gestión de abastecimiento'!K1290) -> 0 | CI2009: =('Gestión de abastecimiento'!K1296) -> 0 | CP2009: =('Gestión de abastecimiento'!A1290) -> 0 | CQ2009: =('Gestión de abastecimiento'!L1290) -> 0 | CR2009: =('Gestión de abastecimiento'!L1296) -> 0 | CY2009: =('Gestión de abastecimiento'!A1290) -> 0 | CZ2009: =('Gestión de abastecimiento'!M1290) -> 0 | DA2009: =('Gestión de abastecimiento'!M1296) -> 0 | DH2009: =('Gestión de abastecimiento'!A1290) -> 0 | DI2009: =('Gestión de abastecimiento'!N1290) -> 0 | DJ2009: =('Gestión de abastecimiento'!N1296) -> 0 | DQ2009: =('Gestión de abastecimiento'!A1290) -> 0 | DR2009: =('Gestión de abastecimiento'!O1290) -> 0 | DS2009: =('Gestión de abastecimiento'!O1296) -> 0 | DZ2009: =('Gestión de abastecimiento'!A1290) -> 0 | EA2009: =('Gestión de abastecimiento'!P1290) -> 0 | EB2009: =('Gestión de abastecimiento'!P1296) -> 0 | EI2009: =('Gestión de abastecimiento'!A1290) -> 0 | EJ2009: =('Gestión de abastecimiento'!Q1290) -> 0 | EK2009: =('Gestión de abastecimiento'!Q1296) -> 0 | ER2009: =('Gestión de abastecimiento'!A1290) -> 0 | ES2009: =('Gestión de abastecimiento'!R1290) -> 0 | ET2009: =('Gestión de abastecimiento'!R1296) -> 0 | FA2009: =('Gestión de abastecimiento'!A1290) -> 0 | FB2009: =('Gestión de abastecimiento'!S1290) -> 0 | FC2009: =('Gestión de abastecimiento'!S1296) -> 0
D2010: =('Gestión de abastecimiento'!A1291) -> 0 | E2010: =('Gestión de abastecimiento'!B1291) -> 0 | F2010: =('Gestión de abastecimiento'!B1297) -> 0 | M2010: =('Gestión de abastecimiento'!A1291) -> 0 | N2010: =('Gestión de abastecimiento'!C1291) -> 0 | O2010: =('Gestión de abastecimiento'!C1297) -> 0 | V2010: =('Gestión de abastecimiento'!A1291) -> 0 | W2010: =('Gestión de abastecimiento'!D1291) -> 0 | X2010: =('Gestión de abastecimiento'!D1297) -> 0 | AE2010: =('Gestión de abastecimiento'!A1291) -> 0 | AF2010: =('Gestión de abastecimiento'!E1291) -> 0 | AG2010: =('Gestión de abastecimiento'!E1297) -> 0 | AN2010: =('Gestión de abastecimiento'!A1291) -> 0 | AO2010: =('Gestión de abastecimiento'!F1291) -> 0 | AP2010: =('Gestión de abastecimiento'!F1297) -> 0 | AW2010: =('Gestión de abastecimiento'!A1291) -> 0 | AX2010: =('Gestión de abastecimiento'!G1291) -> 0 | AY2010: =('Gestión de abastecimiento'!G1297) -> 0 | BF2010: =('Gestión de abastecimiento'!A1291) -> 0 | BG2010: =('Gestión de abastecimiento'!H1291) -> 0 | BH2010: =('Gestión de abastecimiento'!H1297) -> 0 | BO2010: =('Gestión de abastecimiento'!A1291) -> 0 | BP2010: =('Gestión de abastecimiento'!I1291) -> 0 | BQ2010: =('Gestión de abastecimiento'!I1297) -> 0 | BX2010: =('Gestión de abastecimiento'!A1291) -> 0 | BY2010: =('Gestión de abastecimiento'!J1291) -> 0 | BZ2010: =('Gestión de abastecimiento'!J1297) -> 0 | CG2010: =('Gestión de abastecimiento'!A1291) -> 0 | CH2010: =('Gestión de abastecimiento'!K1291) -> 0 | CI2010: =('Gestión de abastecimiento'!K1297) -> 0 | CP2010: =('Gestión de abastecimiento'!A1291) -> 0 | CQ2010: =('Gestión de abastecimiento'!L1291) -> 0 | CR2010: =('Gestión de abastecimiento'!L1297) -> 0 | CY2010: =('Gestión de abastecimiento'!A1291) -> 0 | CZ2010: =('Gestión de abastecimiento'!M1291) -> 0 | DA2010: =('Gestión de abastecimiento'!M1297) -> 0 | DH2010: =('Gestión de abastecimiento'!A1291) -> 0 | DI2010: =('Gestión de abastecimiento'!N1291) -> 0 | DJ2010: =('Gestión de abastecimiento'!N1297) -> 0 | DQ2010: =('Gestión de abastecimiento'!A1291) -> 0 | DR2010: =('Gestión de abastecimiento'!O1291) -> 0 | DS2010: =('Gestión de abastecimiento'!O1297) -> 0 | DZ2010: =('Gestión de abastecimiento'!A1291) -> 0 | EA2010: =('Gestión de abastecimiento'!P1291) -> 0 | EB2010: =('Gestión de abastecimiento'!P1297) -> 0 | EI2010: =('Gestión de abastecimiento'!A1291) -> 0 | EJ2010: =('Gestión de abastecimiento'!Q1291) -> 0 | EK2010: =('Gestión de abastecimiento'!Q1297) -> 0 | ER2010: =('Gestión de abastecimiento'!A1291) -> 0 | ES2010: =('Gestión de abastecimiento'!R1291) -> 0 | ET2010: =('Gestión de abastecimiento'!R1297) -> 0 | FA2010: =('Gestión de abastecimiento'!A1291) -> 0 | FB2010: =('Gestión de abastecimiento'!S1291) -> 0 | FC2010: =('Gestión de abastecimiento'!S1297) -> 0
D2011: =('Gestión de abastecimiento'!A1292) -> 0 | E2011: =('Gestión de abastecimiento'!B1292) -> 0 | F2011: =('Gestión de abastecimiento'!B1298) -> 0 | M2011: =('Gestión de abastecimiento'!A1292) -> 0 | N2011: =('Gestión de abastecimiento'!C1292) -> 0 | O2011: =('Gestión de abastecimiento'!C1298) -> 0 | V2011: =('Gestión de abastecimiento'!A1292) -> 0 | W2011: =('Gestión de abastecimiento'!D1292) -> 0 | X2011: =('Gestión de abastecimiento'!D1298) -> 0 | AE2011: =('Gestión de abastecimiento'!A1292) -> 0 | AF2011: =('Gestión de abastecimiento'!E1292) -> 0 | AG2011: =('Gestión de abastecimiento'!E1298) -> 0 | AN2011: =('Gestión de abastecimiento'!A1292) -> 0 | AO2011: =('Gestión de abastecimiento'!F1292) -> 0 | AP2011: =('Gestión de abastecimiento'!F1298) -> 0 | AW2011: =('Gestión de abastecimiento'!A1292) -> 0 | AX2011: =('Gestión de abastecimiento'!G1292) -> 0 | AY2011: =('Gestión de abastecimiento'!G1298) -> 0 | BF2011: =('Gestión de abastecimiento'!A1292) -> 0 | BG2011: =('Gestión de abastecimiento'!H1292) -> 0 | BH2011: =('Gestión de abastecimiento'!H1298) -> 0 | BO2011: =('Gestión de abastecimiento'!A1292) -> 0 | BP2011: =('Gestión de abastecimiento'!I1292) -> 0 | BQ2011: =('Gestión de abastecimiento'!I1298) -> 0 | BX2011: =('Gestión de abastecimiento'!A1292) -> 0 | BY2011: =('Gestión de abastecimiento'!J1292) -> 0 | BZ2011: =('Gestión de abastecimiento'!J1298) -> 0 | CG2011: =('Gestión de abastecimiento'!A1292) -> 0 | CH2011: =('Gestión de abastecimiento'!K1292) -> 0 | CI2011: =('Gestión de abastecimiento'!K1298) -> 0 | CP2011: =('Gestión de abastecimiento'!A1292) -> 0 | CQ2011: =('Gestión de abastecimiento'!L1292) -> 0 | CR2011: =('Gestión de abastecimiento'!L1298) -> 0 | CY2011: =('Gestión de abastecimiento'!A1292) -> 0 | CZ2011: =('Gestión de abastecimiento'!M1292) -> 0 | DA2011: =('Gestión de abastecimiento'!M1298) -> 0 | DH2011: =('Gestión de abastecimiento'!A1292) -> 0 | DI2011: =('Gestión de abastecimiento'!N1292) -> 0 | DJ2011: =('Gestión de abastecimiento'!N1298) -> 0 | DQ2011: =('Gestión de abastecimiento'!A1292) -> 0 | DR2011: =('Gestión de abastecimiento'!O1292) -> 0 | DS2011: =('Gestión de abastecimiento'!O1298) -> 0 | DZ2011: =('Gestión de abastecimiento'!A1292) -> 0 | EA2011: =('Gestión de abastecimiento'!P1292) -> 0 | EB2011: =('Gestión de abastecimiento'!P1298) -> 0 | EI2011: =('Gestión de abastecimiento'!A1292) -> 0 | EJ2011: =('Gestión de abastecimiento'!Q1292) -> 0 | EK2011: =('Gestión de abastecimiento'!Q1298) -> 0 | ER2011: =('Gestión de abastecimiento'!A1292) -> 0 | ES2011: =('Gestión de abastecimiento'!R1292) -> 0 | ET2011: =('Gestión de abastecimiento'!R1298) -> 0 | FA2011: =('Gestión de abastecimiento'!A1292) -> 0 | FB2011: =('Gestión de abastecimiento'!S1292) -> 0 | FC2011: =('Gestión de abastecimiento'!S1298) -> 0
D2012: =('Gestión de abastecimiento'!A1293) -> 0 | E2012: =('Gestión de abastecimiento'!B1293) -> 0 | F2012: =('Gestión de abastecimiento'!B1299) -> 0 | M2012: =('Gestión de abastecimiento'!A1293) -> 0 | N2012: =('Gestión de abastecimiento'!C1293) -> 0 | O2012: =('Gestión de abastecimiento'!C1299) -> 0 | V2012: =('Gestión de abastecimiento'!A1293) -> 0 | W2012: =('Gestión de abastecimiento'!D1293) -> 0 | X2012: =('Gestión de abastecimiento'!D1299) -> 0 | AE2012: =('Gestión de abastecimiento'!A1293) -> 0 | AF2012: =('Gestión de abastecimiento'!E1293) -> 0 | AG2012: =('Gestión de abastecimiento'!E1299) -> 0 | AN2012: =('Gestión de abastecimiento'!A1293) -> 0 | AO2012: =('Gestión de abastecimiento'!F1293) -> 0 | AP2012: =('Gestión de abastecimiento'!F1299) -> 0 | AW2012: =('Gestión de abastecimiento'!A1293) -> 0 | AX2012: =('Gestión de abastecimiento'!G1293) -> 0 | AY2012: =('Gestión de abastecimiento'!G1299) -> 0 | BF2012: =('Gestión de abastecimiento'!A1293) -> 0 | BG2012: =('Gestión de abastecimiento'!H1293) -> 0 | BH2012: =('Gestión de abastecimiento'!H1299) -> 0 | BO2012: =('Gestión de abastecimiento'!A1293) -> 0 | BP2012: =('Gestión de abastecimiento'!I1293) -> 0 | BQ2012: =('Gestión de abastecimiento'!I1299) -> 0 | BX2012: =('Gestión de abastecimiento'!A1293) -> 0 | BY2012: =('Gestión de abastecimiento'!J1293) -> 0 | BZ2012: =('Gestión de abastecimiento'!J1299) -> 0 | CG2012: =('Gestión de abastecimiento'!A1293) -> 0 | CH2012: =('Gestión de abastecimiento'!K1293) -> 0 | CI2012: =('Gestión de abastecimiento'!K1299) -> 0 | CP2012: =('Gestión de abastecimiento'!A1293) -> 0 | CQ2012: =('Gestión de abastecimiento'!L1293) -> 0 | CR2012: =('Gestión de abastecimiento'!L1299) -> 0 | CY2012: =('Gestión de abastecimiento'!A1293) -> 0 | CZ2012: =('Gestión de abastecimiento'!M1293) -> 0 | DA2012: =('Gestión de abastecimiento'!M1299) -> 0 | DH2012: =('Gestión de abastecimiento'!A1293) -> 0 | DI2012: =('Gestión de abastecimiento'!N1293) -> 0 | DJ2012: =('Gestión de abastecimiento'!N1299) -> 0 | DQ2012: =('Gestión de abastecimiento'!A1293) -> 0 | DR2012: =('Gestión de abastecimiento'!O1293) -> 0 | DS2012: =('Gestión de abastecimiento'!O1299) -> 0 | DZ2012: =('Gestión de abastecimiento'!A1293) -> 0 | EA2012: =('Gestión de abastecimiento'!P1293) -> 0 | EB2012: =('Gestión de abastecimiento'!P1299) -> 0 | EI2012: =('Gestión de abastecimiento'!A1293) -> 0 | EJ2012: =('Gestión de abastecimiento'!Q1293) -> 0 | EK2012: =('Gestión de abastecimiento'!Q1299) -> 0 | ER2012: =('Gestión de abastecimiento'!A1293) -> 0 | ES2012: =('Gestión de abastecimiento'!R1293) -> 0 | ET2012: =('Gestión de abastecimiento'!R1299) -> 0 | FA2012: =('Gestión de abastecimiento'!A1293) -> 0 | FB2012: =('Gestión de abastecimiento'!S1293) -> 0 | FC2012: =('Gestión de abastecimiento'!S1299) -> 0
D2013: =('Gestión de abastecimiento'!A1294) -> 0 | E2013: =('Gestión de abastecimiento'!B1294) -> 0 | F2013: =('Gestión de abastecimiento'!B1300) -> 0 | M2013: =('Gestión de abastecimiento'!A1294) -> 0 | N2013: =('Gestión de abastecimiento'!C1294) -> 0 | O2013: =('Gestión de abastecimiento'!C1300) -> 0 | V2013: =('Gestión de abastecimiento'!A1294) -> 0 | W2013: =('Gestión de abastecimiento'!D1294) -> 0 | X2013: =('Gestión de abastecimiento'!D1300) -> 0 | AE2013: =('Gestión de abastecimiento'!A1294) -> 0 | AF2013: =('Gestión de abastecimiento'!E1294) -> 0 | AG2013: =('Gestión de abastecimiento'!E1300) -> 0 | AN2013: =('Gestión de abastecimiento'!A1294) -> 0 | AO2013: =('Gestión de abastecimiento'!F1294) -> 0 | AP2013: =('Gestión de abastecimiento'!F1300) -> 0 | AW2013: =('Gestión de abastecimiento'!A1294) -> 0 | AX2013: =('Gestión de abastecimiento'!G1294) -> 0 | AY2013: =('Gestión de abastecimiento'!G1300) -> 0 | BF2013: =('Gestión de abastecimiento'!A1294) -> 0 | BG2013: =('Gestión de abastecimiento'!H1294) -> 0 | BH2013: =('Gestión de abastecimiento'!H1300) -> 0 | BO2013: =('Gestión de abastecimiento'!A1294) -> 0 | BP2013: =('Gestión de abastecimiento'!I1294) -> 0 | BQ2013: =('Gestión de abastecimiento'!I1300) -> 0 | BX2013: =('Gestión de abastecimiento'!A1294) -> 0 | BY2013: =('Gestión de abastecimiento'!J1294) -> 0 | BZ2013: =('Gestión de abastecimiento'!J1300) -> 0 | CG2013: =('Gestión de abastecimiento'!A1294) -> 0 | CH2013: =('Gestión de abastecimiento'!K1294) -> 0 | CI2013: =('Gestión de abastecimiento'!K1300) -> 0 | CP2013: =('Gestión de abastecimiento'!A1294) -> 0 | CQ2013: =('Gestión de abastecimiento'!L1294) -> 0 | CR2013: =('Gestión de abastecimiento'!L1300) -> 0 | CY2013: =('Gestión de abastecimiento'!A1294) -> 0 | CZ2013: =('Gestión de abastecimiento'!M1294) -> 0 | DA2013: =('Gestión de abastecimiento'!M1300) -> 0 | DH2013: =('Gestión de abastecimiento'!A1294) -> 0 | DI2013: =('Gestión de abastecimiento'!N1294) -> 0 | DJ2013: =('Gestión de abastecimiento'!N1300) -> 0 | DQ2013: =('Gestión de abastecimiento'!A1294) -> 0 | DR2013: =('Gestión de abastecimiento'!O1294) -> 0 | DS2013: =('Gestión de abastecimiento'!O1300) -> 0 | DZ2013: =('Gestión de abastecimiento'!A1294) -> 0 | EA2013: =('Gestión de abastecimiento'!P1294) -> 0 | EB2013: =('Gestión de abastecimiento'!P1300) -> 0 | EI2013: =('Gestión de abastecimiento'!A1294) -> 0 | EJ2013: =('Gestión de abastecimiento'!Q1294) -> 0 | EK2013: =('Gestión de abastecimiento'!Q1300) -> 0 | ER2013: =('Gestión de abastecimiento'!A1294) -> 0 | ES2013: =('Gestión de abastecimiento'!R1294) -> 0 | ET2013: =('Gestión de abastecimiento'!R1300) -> 0 | FA2013: =('Gestión de abastecimiento'!A1294) -> 0 | FB2013: =('Gestión de abastecimiento'!S1294) -> 0 | FC2013: =('Gestión de abastecimiento'!S1300) -> 0
D2046: =IF(E2046=F2008,D2008,IF(E2046=F2009,D2009,IF(E2046=F2010,D2010,IF(E2046=F2011,D2011,IF(E2046=F2012,D2012,"ALGO ESTA MAL"))))) -> 0 | E2046: =LARGE($F$2008:$F$2012,C1046) -> 0 | F2046: =IF(E2046>0.1%,E2046,"Algo Esta Mal") -> 0 | G2046: =IF(F2046=E2046,D2046," ") -> 0 | M2046: =IF(N2046=O2008,M2008,IF(N2046=O2009,M2009,IF(N2046=O2010,M2010,IF(N2046=O2011,M2011,IF(N2046=O2012,M2012,"ALGO ESTA MAL"))))) -> 0 | N2046: =LARGE($O$2008:$O$2012,L1046) -> 0 | O2046: =IF(N2046>0.1%,N2046,"Algo Esta Mal") -> 0 | P2046: =IF(O2046=N2046,M2046," ") -> 0 | V2046: =IF(W2046=X2008,V2008,IF(W2046=X2009,V2009,IF(W2046=X2010,V2010,IF(W2046=X2011,V2011,IF(W2046=X2012,V2012,"ALGO ESTA MAL"))))) -> 0 | W2046: =LARGE($X$2008:$X$2012,U1046) -> 0 | X2046: =IF(W2046>0.1%,W2046,"Algo Esta Mal") -> 0 | Y2046: =IF(X2046=W2046,V2046," ") -> 0 | AE2046: =IF(AF2046=AG2008,AE2008,IF(AF2046=AG2009,AE2009,IF(AF2046=AG2010,AE2010,IF(AF2046=AG2011,AE2011,IF(AF2046=AG2012,AE2012,"ALGO ESTA MAL"))))) -> 0 | AF2046: =LARGE($AG$2008:$AG$2012,AD1046) -> 0 | AG2046: =IF(AF2046>0.1%,AF2046,"Algo Esta Mal") -> 0 | AH2046: =IF(AG2046=AF2046,AE2046," ") -> 0 | AN2046: =IF(AO2046=AP2008,AN2008,IF(AO2046=AP2009,AN2009,IF(AO2046=AP2010,AN2010,IF(AO2046=AP2011,AN2011,IF(AO2046=AP2012,AN2012,"ALGO ESTA MAL"))))) -> 0 | AO2046: =LARGE($AP$2008:$AP$2012,AM1046) -> 0 | AP2046: =IF(AO2046>0.1%,AO2046,"Algo Esta Mal") -> 0 | AQ2046: =IF(AP2046=AO2046,AN2046," ") -> 0 | AW2046: =IF(AX2046=AY2008,AW2008,IF(AX2046=AY2009,AW2009,IF(AX2046=AY2010,AW2010,IF(AX2046=AY2011,AW2011,IF(AX2046=AY2012,AW2012,"ALGO ESTA MAL"))))) -> 0 | AX2046: =LARGE($AY$2008:$AY$2012,AV1046) -> 0 | AY2046: =IF(AX2046>0.1%,AX2046,"Algo Esta Mal") -> 0 | AZ2046: =IF(AY2046=AX2046,AW2046," ") -> 0 | BF2046: =IF(BG2046=BH2008,BF2008,IF(BG2046=BH2009,BF2009,IF(BG2046=BH2010,BF2010,IF(BG2046=BH2011,BF2011,IF(BG2046=BH2012,BF2012,"ALGO ESTA MAL"))))) -> 0 | BG2046: =LARGE($BH$2008:$BH$2012,BE1046) -> 0 | BH2046: =IF(BG2046>0.1%,BG2046,"Algo Esta Mal") -> 0 | BI2046: =IF(BH2046=BG2046,BF2046," ") -> 0 | BO2046: =IF(BP2046=BQ2008,BO2008,IF(BP2046=BQ2009,BO2009,IF(BP2046=BQ2010,BO2010,IF(BP2046=BQ2011,BO2011,IF(BP2046=BQ2012,BO2012,"ALGO ESTA MAL"))))) -> 0 | BP2046: =LARGE($BQ$2008:$BQ$2012,BN1046) -> 0 | BQ2046: =IF(BP2046>0.1%,BP2046,"Algo Esta Mal") -> 0 | BR2046: =IF(BQ2046=BP2046,BO2046," ") -> 0 | BX2046: =IF(BY2046=BZ2008,BX2008,IF(BY2046=BZ2009,BX2009,IF(BY2046=BZ2010,BX2010,IF(BY2046=BZ2011,BX2011,IF(BY2046=BZ2012,BX2012,"ALGO ESTA MAL"))))) -> 0 | BY2046: =LARGE($BZ$2008:$BZ$2012,BW1046) -> 0 | BZ2046: =IF(BY2046>0.1%,BY2046,"Algo Esta Mal") -> 0 | CA2046: =IF(BZ2046=BY2046,BX2046," ") -> 0 | CG2046: =IF(CH2046=CI2008,CG2008,IF(CH2046=CI2009,CG2009,IF(CH2046=CI2010,CG2010,IF(CH2046=CI2011,CG2011,IF(CH2046=CI2012,CG2012,"ALGO ESTA MAL"))))) -> 0 | CH2046: =LARGE($CI$2008:$CI$2012,CF1046) -> 0 | CI2046: =IF(CH2046>0.1%,CH2046,"Algo Esta Mal") -> 0 | CJ2046: =IF(CI2046=CH2046,CG2046," ") -> 0 | CP2046: =IF(CQ2046=CR2008,CP2008,IF(CQ2046=CR2009,CP2009,IF(CQ2046=CR2010,CP2010,IF(CQ2046=CR2011,CP2011,IF(CQ2046=CR2012,CP2012,"ALGO ESTA MAL"))))) -> 0 | CQ2046: =LARGE($CR$2008:$CR$2012,CO1046) -> 0 | CR2046: =IF(CQ2046>0.1%,CQ2046,"Algo Esta Mal") -> 0 | CS2046: =IF(CR2046=CQ2046,CP2046," ") -> 0 | CY2046: =IF(CZ2046=DA2008,CY2008,IF(CZ2046=DA2009,CY2009,IF(CZ2046=DA2010,CY2010,IF(CZ2046=DA2011,CY2011,IF(CZ2046=DA2012,CY2012,"ALGO ESTA MAL"))))) -> 0 | CZ2046: =LARGE($DA$2008:$DA$2012,CX1046) -> 0 | DA2046: =IF(CZ2046>0.1%,CZ2046,"Algo Esta Mal") -> 0 | DB2046: =IF(DA2046=CZ2046,CY2046," ") -> 0 | DH2046: =IF(DI2046=DJ2008,DH2008,IF(DI2046=DJ2009,DH2009,IF(DI2046=DJ2010,DH2010,IF(DI2046=DJ2011,DH2011,IF(DI2046=DJ2012,DH2012,"ALGO ESTA MAL"))))) -> 0 | DI2046: =LARGE($DJ$2008:$DJ$2012,DG1046) -> 0 | DJ2046: =IF(DI2046>0.1%,DI2046,"Algo Esta Mal") -> 0 | DK2046: =IF(DJ2046=DI2046,DH2046," ") -> 0 | DQ2046: =IF(DR2046=DS2008,DQ2008,IF(DR2046=DS2009,DQ2009,IF(DR2046=DS2010,DQ2010,IF(DR2046=DS2011,DQ2011,IF(DR2046=DS2012,DQ2012,"ALGO ESTA MAL"))))) -> 0 | DR2046: =LARGE($DS$2008:$DS$2012,DP1046) -> 0 | DS2046: =IF(DR2046>0.1%,DR2046,"Algo Esta Mal") -> 0 | DT2046: =IF(DS2046=DR2046,DQ2046," ") -> 0 | DZ2046: =IF(EA2046=EB2008,DZ2008,IF(EA2046=EB2009,DZ2009,IF(EA2046=EB2010,DZ2010,IF(EA2046=EB2011,DZ2011,IF(EA2046=EB2012,DZ2012,"ALGO ESTA MAL"))))) -> 0 | EA2046: =LARGE($EB$2008:$EB$2012,DY1046) -> 0 | EB2046: =IF(EA2046>0.1%,EA2046,"Algo Esta Mal") -> 0 | EC2046: =IF(EB2046=EA2046,DZ2046," ") -> 0 | EI2046: =IF(EJ2046=EK2008,EI2008,IF(EJ2046=EK2009,EI2009,IF(EJ2046=EK2010,EI2010,IF(EJ2046=EK2011,EI2011,IF(EJ2046=EK2012,EI2012,"ALGO ESTA MAL"))))) -> 0 | EJ2046: =LARGE($EK$2008:$EK$2012,EH1046) -> 0 | EK2046: =IF(EJ2046>0.1%,EJ2046,"Algo Esta Mal") -> 0 | EL2046: =IF(EK2046=EJ2046,EI2046," ") -> 0 | ER2046: =IF(ES2046=ET2008,ER2008,IF(ES2046=ET2009,ER2009,IF(ES2046=ET2010,ER2010,IF(ES2046=ET2011,ER2011,IF(ES2046=ET2012,ER2012,"ALGO ESTA MAL"))))) -> 0 | ES2046: =LARGE($ET$2008:$ET$2012,EQ1046) -> 0 | ET2046: =IF(ES2046>0.1%,ES2046,"Algo Esta Mal") -> 0 | EU2046: =IF(ET2046=ES2046,ER2046," ") -> 0 | FA2046: =IF(FB2046=FC2008,FA2008,IF(FB2046=FC2009,FA2009,IF(FB2046=FC2010,FA2010,IF(FB2046=FC2011,FA2011,IF(FB2046=FC2012,FA2012,"ALGO ESTA MAL"))))) -> 0 | FB2046: =LARGE($FC$2008:$FC$2012,EZ1046) -> 0 | FC2046: =IF(FB2046>0.1%,FB2046,"Algo Esta Mal") -> 0 | FD2046: =IF(FC2046=FB2046,FA2046," ") -> 0
D2047: =IF(E2047=F2008,D2008,IF(E2047=F2009,D2009,IF(E2047=F2010,D2010,IF(E2047=F2011,D2011,IF(E2047=F2012,D2012,"ALGO ESTA MAL"))))) -> 0 | E2047: =LARGE($F$2008:$F$2012,C1047) -> 0 | F2047: =IF(E2047>0.1%,E2047,"Algo Esta Mal") -> 0 | G2047: =IF(F2047=E2047,D2047," ") -> 0 | M2047: =IF(N2047=O2008,M2008,IF(N2047=O2009,M2009,IF(N2047=O2010,M2010,IF(N2047=O2011,M2011,IF(N2047=O2012,M2012,"ALGO ESTA MAL"))))) -> 0 | N2047: =LARGE($O$2008:$O$2012,L1047) -> 0 | O2047: =IF(N2047>0.1%,N2047,"Algo Esta Mal") -> 0 | P2047: =IF(O2047=N2047,M2047," ") -> 0 | V2047: =IF(W2047=X2008,V2008,IF(W2047=X2009,V2009,IF(W2047=X2010,V2010,IF(W2047=X2011,V2011,IF(W2047=X2012,V2012,"ALGO ESTA MAL"))))) -> 0 | W2047: =LARGE($X$2008:$X$2012,U1047) -> 0 | X2047: =IF(W2047>0.1%,W2047,"Algo Esta Mal") -> 0 | Y2047: =IF(X2047=W2047,V2047," ") -> 0 | AE2047: =IF(AF2047=AG2008,AE2008,IF(AF2047=AG2009,AE2009,IF(AF2047=AG2010,AE2010,IF(AF2047=AG2011,AE2011,IF(AF2047=AG2012,AE2012,"ALGO ESTA MAL"))))) -> 0 | AF2047: =LARGE($AG$2008:$AG$2012,AD1047) -> 0 | AG2047: =IF(AF2047>0.1%,AF2047,"Algo Esta Mal") -> 0 | AH2047: =IF(AG2047=AF2047,AE2047," ") -> 0 | AN2047: =IF(AO2047=AP2008,AN2008,IF(AO2047=AP2009,AN2009,IF(AO2047=AP2010,AN2010,IF(AO2047=AP2011,AN2011,IF(AO2047=AP2012,AN2012,"ALGO ESTA MAL"))))) -> 0 | AO2047: =LARGE($AP$2008:$AP$2012,AM1047) -> 0 | AP2047: =IF(AO2047>0.1%,AO2047,"Algo Esta Mal") -> 0 | AQ2047: =IF(AP2047=AO2047,AN2047," ") -> 0 | AW2047: =IF(AX2047=AY2008,AW2008,IF(AX2047=AY2009,AW2009,IF(AX2047=AY2010,AW2010,IF(AX2047=AY2011,AW2011,IF(AX2047=AY2012,AW2012,"ALGO ESTA MAL"))))) -> 0 | AX2047: =LARGE($AY$2008:$AY$2012,AV1047) -> 0 | AY2047: =IF(AX2047>0.1%,AX2047,"Algo Esta Mal") -> 0 | AZ2047: =IF(AY2047=AX2047,AW2047," ") -> 0 | BF2047: =IF(BG2047=BH2008,BF2008,IF(BG2047=BH2009,BF2009,IF(BG2047=BH2010,BF2010,IF(BG2047=BH2011,BF2011,IF(BG2047=BH2012,BF2012,"ALGO ESTA MAL"))))) -> 0 | BG2047: =LARGE($BH$2008:$BH$2012,BE1047) -> 0 | BH2047: =IF(BG2047>0.1%,BG2047,"Algo Esta Mal") -> 0 | BI2047: =IF(BH2047=BG2047,BF2047," ") -> 0 | BO2047: =IF(BP2047=BQ2008,BO2008,IF(BP2047=BQ2009,BO2009,IF(BP2047=BQ2010,BO2010,IF(BP2047=BQ2011,BO2011,IF(BP2047=BQ2012,BO2012,"ALGO ESTA MAL"))))) -> 0 | BP2047: =LARGE($BQ$2008:$BQ$2012,BN1047) -> 0 | BQ2047: =IF(BP2047>0.1%,BP2047,"Algo Esta Mal") -> 0 | BR2047: =IF(BQ2047=BP2047,BO2047," ") -> 0 | BX2047: =IF(BY2047=BZ2008,BX2008,IF(BY2047=BZ2009,BX2009,IF(BY2047=BZ2010,BX2010,IF(BY2047=BZ2011,BX2011,IF(BY2047=BZ2012,BX2012,"ALGO ESTA MAL"))))) -> 0 | BY2047: =LARGE($BZ$2008:$BZ$2012,BW1047) -> 0 | BZ2047: =IF(BY2047>0.1%,BY2047,"Algo Esta Mal") -> 0 | CA2047: =IF(BZ2047=BY2047,BX2047," ") -> 0 | CG2047: =IF(CH2047=CI2008,CG2008,IF(CH2047=CI2009,CG2009,IF(CH2047=CI2010,CG2010,IF(CH2047=CI2011,CG2011,IF(CH2047=CI2012,CG2012,"ALGO ESTA MAL"))))) -> 0 | CH2047: =LARGE($CI$2008:$CI$2012,CF1047) -> 0 | CI2047: =IF(CH2047>0.1%,CH2047,"Algo Esta Mal") -> 0 | CJ2047: =IF(CI2047=CH2047,CG2047," ") -> 0 | CP2047: =IF(CQ2047=CR2008,CP2008,IF(CQ2047=CR2009,CP2009,IF(CQ2047=CR2010,CP2010,IF(CQ2047=CR2011,CP2011,IF(CQ2047=CR2012,CP2012,"ALGO ESTA MAL"))))) -> 0 | CQ2047: =LARGE($CR$2008:$CR$2012,CO1047) -> 0 | CR2047: =IF(CQ2047>0.1%,CQ2047,"Algo Esta Mal") -> 0 | CS2047: =IF(CR2047=CQ2047,CP2047," ") -> 0 | CY2047: =IF(CZ2047=DA2008,CY2008,IF(CZ2047=DA2009,CY2009,IF(CZ2047=DA2010,CY2010,IF(CZ2047=DA2011,CY2011,IF(CZ2047=DA2012,CY2012,"ALGO ESTA MAL"))))) -> 0 | CZ2047: =LARGE($DA$2008:$DA$2012,CX1047) -> 0 | DA2047: =IF(CZ2047>0.1%,CZ2047,"Algo Esta Mal") -> 0 | DB2047: =IF(DA2047=CZ2047,CY2047," ") -> 0 | DH2047: =IF(DI2047=DJ2008,DH2008,IF(DI2047=DJ2009,DH2009,IF(DI2047=DJ2010,DH2010,IF(DI2047=DJ2011,DH2011,IF(DI2047=DJ2012,DH2012,"ALGO ESTA MAL"))))) -> 0 | DI2047: =LARGE($DJ$2008:$DJ$2012,DG1047) -> 0 | DJ2047: =IF(DI2047>0.1%,DI2047,"Algo Esta Mal") -> 0 | DK2047: =IF(DJ2047=DI2047,DH2047," ") -> 0 | DQ2047: =IF(DR2047=DS2008,DQ2008,IF(DR2047=DS2009,DQ2009,IF(DR2047=DS2010,DQ2010,IF(DR2047=DS2011,DQ2011,IF(DR2047=DS2012,DQ2012,"ALGO ESTA MAL"))))) -> 0 | DR2047: =LARGE($DS$2008:$DS$2012,DP1047) -> 0 | DS2047: =IF(DR2047>0.1%,DR2047,"Algo Esta Mal") -> 0 | DT2047: =IF(DS2047=DR2047,DQ2047," ") -> 0 | DZ2047: =IF(EA2047=EB2008,DZ2008,IF(EA2047=EB2009,DZ2009,IF(EA2047=EB2010,DZ2010,IF(EA2047=EB2011,DZ2011,IF(EA2047=EB2012,DZ2012,"ALGO ESTA MAL"))))) -> 0 | EA2047: =LARGE($EB$2008:$EB$2012,DY1047) -> 0 | EB2047: =IF(EA2047>0.1%,EA2047,"Algo Esta Mal") -> 0 | EC2047: =IF(EB2047=EA2047,DZ2047," ") -> 0 | EI2047: =IF(EJ2047=EK2008,EI2008,IF(EJ2047=EK2009,EI2009,IF(EJ2047=EK2010,EI2010,IF(EJ2047=EK2011,EI2011,IF(EJ2047=EK2012,EI2012,"ALGO ESTA MAL"))))) -> 0 | EJ2047: =LARGE($EK$2008:$EK$2012,EH1047) -> 0 | EK2047: =IF(EJ2047>0.1%,EJ2047,"Algo Esta Mal") -> 0 | EL2047: =IF(EK2047=EJ2047,EI2047," ") -> 0 | ER2047: =IF(ES2047=ET2008,ER2008,IF(ES2047=ET2009,ER2009,IF(ES2047=ET2010,ER2010,IF(ES2047=ET2011,ER2011,IF(ES2047=ET2012,ER2012,"ALGO ESTA MAL"))))) -> 0 | ES2047: =LARGE($ET$2008:$ET$2012,EQ1047) -> 0 | ET2047: =IF(ES2047>0.1%,ES2047,"Algo Esta Mal") -> 0 | EU2047: =IF(ET2047=ES2047,ER2047," ") -> 0 | FA2047: =IF(FB2047=FC2008,FA2008,IF(FB2047=FC2009,FA2009,IF(FB2047=FC2010,FA2010,IF(FB2047=FC2011,FA2011,IF(FB2047=FC2012,FA2012,"ALGO ESTA MAL"))))) -> 0 | FB2047: =LARGE($FC$2008:$FC$2012,EZ1047) -> 0 | FC2047: =IF(FB2047>0.1%,FB2047,"Algo Esta Mal") -> 0 | FD2047: =IF(FC2047=FB2047,FA2047," ") -> 0
D2048: =IF(E2048=F2008,D2008,IF(E2048=F2009,D2009,IF(E2048=F2010,D2010,IF(E2048=F2011,D2011,IF(E2048=F2012,D2012,"ALGO ESTA MAL"))))) -> 0 | E2048: =LARGE($F$2008:$F$2012,C1048) -> 0 | F2048: =IF(E2048>0.1%,E2048,"Algo Esta Mal") -> 0 | G2048: =IF(F2048=E2048,D2048," ") -> 0 | M2048: =IF(N2048=O2008,M2008,IF(N2048=O2009,M2009,IF(N2048=O2010,M2010,IF(N2048=O2011,M2011,IF(N2048=O2012,M2012,"ALGO ESTA MAL"))))) -> 0 | N2048: =LARGE($O$2008:$O$2012,L1048) -> 0 | O2048: =IF(N2048>0.1%,N2048,"Algo Esta Mal") -> 0 | P2048: =IF(O2048=N2048,M2048," ") -> 0 | V2048: =IF(W2048=X2008,V2008,IF(W2048=X2009,V2009,IF(W2048=X2010,V2010,IF(W2048=X2011,V2011,IF(W2048=X2012,V2012,"ALGO ESTA MAL"))))) -> 0 | W2048: =LARGE($X$2008:$X$2012,U1048) -> 0 | X2048: =IF(W2048>0.1%,W2048,"Algo Esta Mal") -> 0 | Y2048: =IF(X2048=W2048,V2048," ") -> 0 | AE2048: =IF(AF2048=AG2008,AE2008,IF(AF2048=AG2009,AE2009,IF(AF2048=AG2010,AE2010,IF(AF2048=AG2011,AE2011,IF(AF2048=AG2012,AE2012,"ALGO ESTA MAL"))))) -> 0 | AF2048: =LARGE($AG$2008:$AG$2012,AD1048) -> 0 | AG2048: =IF(AF2048>0.1%,AF2048,"Algo Esta Mal") -> 0 | AH2048: =IF(AG2048=AF2048,AE2048," ") -> 0 | AN2048: =IF(AO2048=AP2008,AN2008,IF(AO2048=AP2009,AN2009,IF(AO2048=AP2010,AN2010,IF(AO2048=AP2011,AN2011,IF(AO2048=AP2012,AN2012,"ALGO ESTA MAL"))))) -> 0 | AO2048: =LARGE($AP$2008:$AP$2012,AM1048) -> 0 | AP2048: =IF(AO2048>0.1%,AO2048,"Algo Esta Mal") -> 0 | AQ2048: =IF(AP2048=AO2048,AN2048," ") -> 0 | AW2048: =IF(AX2048=AY2008,AW2008,IF(AX2048=AY2009,AW2009,IF(AX2048=AY2010,AW2010,IF(AX2048=AY2011,AW2011,IF(AX2048=AY2012,AW2012,"ALGO ESTA MAL"))))) -> 0 | AX2048: =LARGE($AY$2008:$AY$2012,AV1048) -> 0 | AY2048: =IF(AX2048>0.1%,AX2048,"Algo Esta Mal") -> 0 | AZ2048: =IF(AY2048=AX2048,AW2048," ") -> 0 | BF2048: =IF(BG2048=BH2008,BF2008,IF(BG2048=BH2009,BF2009,IF(BG2048=BH2010,BF2010,IF(BG2048=BH2011,BF2011,IF(BG2048=BH2012,BF2012,"ALGO ESTA MAL"))))) -> 0 | BG2048: =LARGE($BH$2008:$BH$2012,BE1048) -> 0 | BH2048: =IF(BG2048>0.1%,BG2048,"Algo Esta Mal") -> 0 | BI2048: =IF(BH2048=BG2048,BF2048," ") -> 0 | BO2048: =IF(BP2048=BQ2008,BO2008,IF(BP2048=BQ2009,BO2009,IF(BP2048=BQ2010,BO2010,IF(BP2048=BQ2011,BO2011,IF(BP2048=BQ2012,BO2012,"ALGO ESTA MAL"))))) -> 0 | BP2048: =LARGE($BQ$2008:$BQ$2012,BN1048) -> 0 | BQ2048: =IF(BP2048>0.1%,BP2048,"Algo Esta Mal") -> 0 | BR2048: =IF(BQ2048=BP2048,BO2048," ") -> 0 | BX2048: =IF(BY2048=BZ2008,BX2008,IF(BY2048=BZ2009,BX2009,IF(BY2048=BZ2010,BX2010,IF(BY2048=BZ2011,BX2011,IF(BY2048=BZ2012,BX2012,"ALGO ESTA MAL"))))) -> 0 | BY2048: =LARGE($BZ$2008:$BZ$2012,BW1048) -> 0 | BZ2048: =IF(BY2048>0.1%,BY2048,"Algo Esta Mal") -> 0 | CA2048: =IF(BZ2048=BY2048,BX2048," ") -> 0 | CG2048: =IF(CH2048=CI2008,CG2008,IF(CH2048=CI2009,CG2009,IF(CH2048=CI2010,CG2010,IF(CH2048=CI2011,CG2011,IF(CH2048=CI2012,CG2012,"ALGO ESTA MAL"))))) -> 0 | CH2048: =LARGE($CI$2008:$CI$2012,CF1048) -> 0 | CI2048: =IF(CH2048>0.1%,CH2048,"Algo Esta Mal") -> 0 | CJ2048: =IF(CI2048=CH2048,CG2048," ") -> 0 | CP2048: =IF(CQ2048=CR2008,CP2008,IF(CQ2048=CR2009,CP2009,IF(CQ2048=CR2010,CP2010,IF(CQ2048=CR2011,CP2011,IF(CQ2048=CR2012,CP2012,"ALGO ESTA MAL"))))) -> 0 | CQ2048: =LARGE($CR$2008:$CR$2012,CO1048) -> 0 | CR2048: =IF(CQ2048>0.1%,CQ2048,"Algo Esta Mal") -> 0 | CS2048: =IF(CR2048=CQ2048,CP2048," ") -> 0 | CY2048: =IF(CZ2048=DA2008,CY2008,IF(CZ2048=DA2009,CY2009,IF(CZ2048=DA2010,CY2010,IF(CZ2048=DA2011,CY2011,IF(CZ2048=DA2012,CY2012,"ALGO ESTA MAL"))))) -> 0 | CZ2048: =LARGE($DA$2008:$DA$2012,CX1048) -> 0 | DA2048: =IF(CZ2048>0.1%,CZ2048,"Algo Esta Mal") -> 0 | DB2048: =IF(DA2048=CZ2048,CY2048," ") -> 0 | DH2048: =IF(DI2048=DJ2008,DH2008,IF(DI2048=DJ2009,DH2009,IF(DI2048=DJ2010,DH2010,IF(DI2048=DJ2011,DH2011,IF(DI2048=DJ2012,DH2012,"ALGO ESTA MAL"))))) -> 0 | DI2048: =LARGE($DJ$2008:$DJ$2012,DG1048) -> 0 | DJ2048: =IF(DI2048>0.1%,DI2048,"Algo Esta Mal") -> 0 | DK2048: =IF(DJ2048=DI2048,DH2048," ") -> 0 | DQ2048: =IF(DR2048=DS2008,DQ2008,IF(DR2048=DS2009,DQ2009,IF(DR2048=DS2010,DQ2010,IF(DR2048=DS2011,DQ2011,IF(DR2048=DS2012,DQ2012,"ALGO ESTA MAL"))))) -> 0 | DR2048: =LARGE($DS$2008:$DS$2012,DP1048) -> 0 | DS2048: =IF(DR2048>0.1%,DR2048,"Algo Esta Mal") -> 0 | DT2048: =IF(DS2048=DR2048,DQ2048," ") -> 0 | DZ2048: =IF(EA2048=EB2008,DZ2008,IF(EA2048=EB2009,DZ2009,IF(EA2048=EB2010,DZ2010,IF(EA2048=EB2011,DZ2011,IF(EA2048=EB2012,DZ2012,"ALGO ESTA MAL"))))) -> 0 | EA2048: =LARGE($EB$2008:$EB$2012,DY1048) -> 0 | EB2048: =IF(EA2048>0.1%,EA2048,"Algo Esta Mal") -> 0 | EC2048: =IF(EB2048=EA2048,DZ2048," ") -> 0 | EI2048: =IF(EJ2048=EK2008,EI2008,IF(EJ2048=EK2009,EI2009,IF(EJ2048=EK2010,EI2010,IF(EJ2048=EK2011,EI2011,IF(EJ2048=EK2012,EI2012,"ALGO ESTA MAL"))))) -> 0 | EJ2048: =LARGE($EK$2008:$EK$2012,EH1048) -> 0 | EK2048: =IF(EJ2048>0.1%,EJ2048,"Algo Esta Mal") -> 0 | EL2048: =IF(EK2048=EJ2048,EI2048," ") -> 0 | ER2048: =IF(ES2048=ET2008,ER2008,IF(ES2048=ET2009,ER2009,IF(ES2048=ET2010,ER2010,IF(ES2048=ET2011,ER2011,IF(ES2048=ET2012,ER2012,"ALGO ESTA MAL"))))) -> 0 | ES2048: =LARGE($ET$2008:$ET$2012,EQ1048) -> 0 | ET2048: =IF(ES2048>0.1%,ES2048,"Algo Esta Mal") -> 0 | EU2048: =IF(ET2048=ES2048,ER2048," ") -> 0 | FA2048: =IF(FB2048=FC2008,FA2008,IF(FB2048=FC2009,FA2009,IF(FB2048=FC2010,FA2010,IF(FB2048=FC2011,FA2011,IF(FB2048=FC2012,FA2012,"ALGO ESTA MAL"))))) -> 0 | FB2048: =LARGE($FC$2008:$FC$2012,EZ1048) -> 0 | FC2048: =IF(FB2048>0.1%,FB2048,"Algo Esta Mal") -> 0 | FD2048: =IF(FC2048=FB2048,FA2048," ") -> 0
D2049: =IF(E2049=F2008,D2008,IF(E2049=F2009,D2009,IF(E2049=F2010,D2010,IF(E2049=F2011,D2011,IF(E2049=F2012,D2012,"ALGO ESTA MAL"))))) -> 0 | E2049: =LARGE($F$2008:$F$2012,C1049) -> 0 | F2049: =IF(E2049>0.1%,E2049,"Algo Esta Mal") -> 0 | G2049: =IF(F2049=E2049,D2049," ") -> 0 | M2049: =IF(N2049=O2008,M2008,IF(N2049=O2009,M2009,IF(N2049=O2010,M2010,IF(N2049=O2011,M2011,IF(N2049=O2012,M2012,"ALGO ESTA MAL"))))) -> 0 | N2049: =LARGE($O$2008:$O$2012,L1049) -> 0 | O2049: =IF(N2049>0.1%,N2049,"Algo Esta Mal") -> 0 | P2049: =IF(O2049=N2049,M2049," ") -> 0 | V2049: =IF(W2049=X2008,V2008,IF(W2049=X2009,V2009,IF(W2049=X2010,V2010,IF(W2049=X2011,V2011,IF(W2049=X2012,V2012,"ALGO ESTA MAL"))))) -> 0 | W2049: =LARGE($X$2008:$X$2012,U1049) -> 0 | X2049: =IF(W2049>0.1%,W2049,"Algo Esta Mal") -> 0 | Y2049: =IF(X2049=W2049,V2049," ") -> 0 | AE2049: =IF(AF2049=AG2008,AE2008,IF(AF2049=AG2009,AE2009,IF(AF2049=AG2010,AE2010,IF(AF2049=AG2011,AE2011,IF(AF2049=AG2012,AE2012,"ALGO ESTA MAL"))))) -> 0 | AF2049: =LARGE($AG$2008:$AG$2012,AD1049) -> 0 | AG2049: =IF(AF2049>0.1%,AF2049,"Algo Esta Mal") -> 0 | AH2049: =IF(AG2049=AF2049,AE2049," ") -> 0 | AN2049: =IF(AO2049=AP2008,AN2008,IF(AO2049=AP2009,AN2009,IF(AO2049=AP2010,AN2010,IF(AO2049=AP2011,AN2011,IF(AO2049=AP2012,AN2012,"ALGO ESTA MAL"))))) -> 0 | AO2049: =LARGE($AP$2008:$AP$2012,AM1049) -> 0 | AP2049: =IF(AO2049>0.1%,AO2049,"Algo Esta Mal") -> 0 | AQ2049: =IF(AP2049=AO2049,AN2049," ") -> 0 | AW2049: =IF(AX2049=AY2008,AW2008,IF(AX2049=AY2009,AW2009,IF(AX2049=AY2010,AW2010,IF(AX2049=AY2011,AW2011,IF(AX2049=AY2012,AW2012,"ALGO ESTA MAL"))))) -> 0 | AX2049: =LARGE($AY$2008:$AY$2012,AV1049) -> 0 | AY2049: =IF(AX2049>0.1%,AX2049,"Algo Esta Mal") -> 0 | AZ2049: =IF(AY2049=AX2049,AW2049," ") -> 0 | BF2049: =IF(BG2049=BH2008,BF2008,IF(BG2049=BH2009,BF2009,IF(BG2049=BH2010,BF2010,IF(BG2049=BH2011,BF2011,IF(BG2049=BH2012,BF2012,"ALGO ESTA MAL"))))) -> 0 | BG2049: =LARGE($BH$2008:$BH$2012,BE1049) -> 0 | BH2049: =IF(BG2049>0.1%,BG2049,"Algo Esta Mal") -> 0 | BI2049: =IF(BH2049=BG2049,BF2049," ") -> 0 | BO2049: =IF(BP2049=BQ2008,BO2008,IF(BP2049=BQ2009,BO2009,IF(BP2049=BQ2010,BO2010,IF(BP2049=BQ2011,BO2011,IF(BP2049=BQ2012,BO2012,"ALGO ESTA MAL"))))) -> 0 | BP2049: =LARGE($BQ$2008:$BQ$2012,BN1049) -> 0 | BQ2049: =IF(BP2049>0.1%,BP2049,"Algo Esta Mal") -> 0 | BR2049: =IF(BQ2049=BP2049,BO2049," ") -> 0 | BX2049: =IF(BY2049=BZ2008,BX2008,IF(BY2049=BZ2009,BX2009,IF(BY2049=BZ2010,BX2010,IF(BY2049=BZ2011,BX2011,IF(BY2049=BZ2012,BX2012,"ALGO ESTA MAL"))))) -> 0 | BY2049: =LARGE($BZ$2008:$BZ$2012,BW1049) -> 0 | BZ2049: =IF(BY2049>0.1%,BY2049,"Algo Esta Mal") -> 0 | CA2049: =IF(BZ2049=BY2049,BX2049," ") -> 0 | CG2049: =IF(CH2049=CI2008,CG2008,IF(CH2049=CI2009,CG2009,IF(CH2049=CI2010,CG2010,IF(CH2049=CI2011,CG2011,IF(CH2049=CI2012,CG2012,"ALGO ESTA MAL"))))) -> 0 | CH2049: =LARGE($CI$2008:$CI$2012,CF1049) -> 0 | CI2049: =IF(CH2049>0.1%,CH2049,"Algo Esta Mal") -> 0 | CJ2049: =IF(CI2049=CH2049,CG2049," ") -> 0 | CP2049: =IF(CQ2049=CR2008,CP2008,IF(CQ2049=CR2009,CP2009,IF(CQ2049=CR2010,CP2010,IF(CQ2049=CR2011,CP2011,IF(CQ2049=CR2012,CP2012,"ALGO ESTA MAL"))))) -> 0 | CQ2049: =LARGE($CR$2008:$CR$2012,CO1049) -> 0 | CR2049: =IF(CQ2049>0.1%,CQ2049,"Algo Esta Mal") -> 0 | CS2049: =IF(CR2049=CQ2049,CP2049," ") -> 0 | CY2049: =IF(CZ2049=DA2008,CY2008,IF(CZ2049=DA2009,CY2009,IF(CZ2049=DA2010,CY2010,IF(CZ2049=DA2011,CY2011,IF(CZ2049=DA2012,CY2012,"ALGO ESTA MAL"))))) -> 0 | CZ2049: =LARGE($DA$2008:$DA$2012,CX1049) -> 0 | DA2049: =IF(CZ2049>0.1%,CZ2049,"Algo Esta Mal") -> 0 | DB2049: =IF(DA2049=CZ2049,CY2049," ") -> 0 | DH2049: =IF(DI2049=DJ2008,DH2008,IF(DI2049=DJ2009,DH2009,IF(DI2049=DJ2010,DH2010,IF(DI2049=DJ2011,DH2011,IF(DI2049=DJ2012,DH2012,"ALGO ESTA MAL"))))) -> 0 | DI2049: =LARGE($DJ$2008:$DJ$2012,DG1049) -> 0 | DJ2049: =IF(DI2049>0.1%,DI2049,"Algo Esta Mal") -> 0 | DK2049: =IF(DJ2049=DI2049,DH2049," ") -> 0 | DQ2049: =IF(DR2049=DS2008,DQ2008,IF(DR2049=DS2009,DQ2009,IF(DR2049=DS2010,DQ2010,IF(DR2049=DS2011,DQ2011,IF(DR2049=DS2012,DQ2012,"ALGO ESTA MAL"))))) -> 0 | DR2049: =LARGE($DS$2008:$DS$2012,DP1049) -> 0 | DS2049: =IF(DR2049>0.1%,DR2049,"Algo Esta Mal") -> 0 | DT2049: =IF(DS2049=DR2049,DQ2049," ") -> 0 | DZ2049: =IF(EA2049=EB2008,DZ2008,IF(EA2049=EB2009,DZ2009,IF(EA2049=EB2010,DZ2010,IF(EA2049=EB2011,DZ2011,IF(EA2049=EB2012,DZ2012,"ALGO ESTA MAL"))))) -> 0 | EA2049: =LARGE($EB$2008:$EB$2012,DY1049) -> 0 | EB2049: =IF(EA2049>0.1%,EA2049,"Algo Esta Mal") -> 0 | EC2049: =IF(EB2049=EA2049,DZ2049," ") -> 0 | EI2049: =IF(EJ2049=EK2008,EI2008,IF(EJ2049=EK2009,EI2009,IF(EJ2049=EK2010,EI2010,IF(EJ2049=EK2011,EI2011,IF(EJ2049=EK2012,EI2012,"ALGO ESTA MAL"))))) -> 0 | EJ2049: =LARGE($EK$2008:$EK$2012,EH1049) -> 0 | EK2049: =IF(EJ2049>0.1%,EJ2049,"Algo Esta Mal") -> 0 | EL2049: =IF(EK2049=EJ2049,EI2049," ") -> 0 | ER2049: =IF(ES2049=ET2008,ER2008,IF(ES2049=ET2009,ER2009,IF(ES2049=ET2010,ER2010,IF(ES2049=ET2011,ER2011,IF(ES2049=ET2012,ER2012,"ALGO ESTA MAL"))))) -> 0 | ES2049: =LARGE($ET$2008:$ET$2012,EQ1049) -> 0 | ET2049: =IF(ES2049>0.1%,ES2049,"Algo Esta Mal") -> 0 | EU2049: =IF(ET2049=ES2049,ER2049," ") -> 0 | FA2049: =IF(FB2049=FC2008,FA2008,IF(FB2049=FC2009,FA2009,IF(FB2049=FC2010,FA2010,IF(FB2049=FC2011,FA2011,IF(FB2049=FC2012,FA2012,"ALGO ESTA MAL"))))) -> 0 | FB2049: =LARGE($FC$2008:$FC$2012,EZ1049) -> 0 | FC2049: =IF(FB2049>0.1%,FB2049,"Algo Esta Mal") -> 0 | FD2049: =IF(FC2049=FB2049,FA2049," ") -> 0
D2050: =IF(E2050=F2008,D2008,IF(E2050=F2009,D2009,IF(E2050=F2010,D2010,IF(E2050=F2011,D2011,IF(E2050=F2012,D2012,"ALGO ESTA MAL"))))) -> 0 | E2050: =LARGE($F$2008:$F$2012,C1050) -> 0 | F2050: =IF(E2050>0.1%,E2050,"Algo Esta Mal") -> 0 | G2050: =IF(F2050=E2050,D2050," ") -> 0 | M2050: =IF(N2050=O2008,M2008,IF(N2050=O2009,M2009,IF(N2050=O2010,M2010,IF(N2050=O2011,M2011,IF(N2050=O2012,M2012,"ALGO ESTA MAL"))))) -> 0 | N2050: =LARGE($O$2008:$O$2012,L1050) -> 0 | O2050: =IF(N2050>0.1%,N2050,"Algo Esta Mal") -> 0 | P2050: =IF(O2050=N2050,M2050," ") -> 0 | V2050: =IF(W2050=X2008,V2008,IF(W2050=X2009,V2009,IF(W2050=X2010,V2010,IF(W2050=X2011,V2011,IF(W2050=X2012,V2012,"ALGO ESTA MAL"))))) -> 0 | W2050: =LARGE($X$2008:$X$2012,U1050) -> 0 | X2050: =IF(W2050>0.1%,W2050,"Algo Esta Mal") -> 0 | Y2050: =IF(X2050=W2050,V2050," ") -> 0 | AE2050: =IF(AF2050=AG2008,AE2008,IF(AF2050=AG2009,AE2009,IF(AF2050=AG2010,AE2010,IF(AF2050=AG2011,AE2011,IF(AF2050=AG2012,AE2012,"ALGO ESTA MAL"))))) -> 0 | AF2050: =LARGE($AG$2008:$AG$2012,AD1050) -> 0 | AG2050: =IF(AF2050>0.1%,AF2050,"Algo Esta Mal") -> 0 | AH2050: =IF(AG2050=AF2050,AE2050," ") -> 0 | AN2050: =IF(AO2050=AP2008,AN2008,IF(AO2050=AP2009,AN2009,IF(AO2050=AP2010,AN2010,IF(AO2050=AP2011,AN2011,IF(AO2050=AP2012,AN2012,"ALGO ESTA MAL"))))) -> 0 | AO2050: =LARGE($AP$2008:$AP$2012,AM1050) -> 0 | AP2050: =IF(AO2050>0.1%,AO2050,"Algo Esta Mal") -> 0 | AQ2050: =IF(AP2050=AO2050,AN2050," ") -> 0 | AW2050: =IF(AX2050=AY2008,AW2008,IF(AX2050=AY2009,AW2009,IF(AX2050=AY2010,AW2010,IF(AX2050=AY2011,AW2011,IF(AX2050=AY2012,AW2012,"ALGO ESTA MAL"))))) -> 0 | AX2050: =LARGE($AY$2008:$AY$2012,AV1050) -> 0 | AY2050: =IF(AX2050>0.1%,AX2050,"Algo Esta Mal") -> 0 | AZ2050: =IF(AY2050=AX2050,AW2050," ") -> 0 | BF2050: =IF(BG2050=BH2008,BF2008,IF(BG2050=BH2009,BF2009,IF(BG2050=BH2010,BF2010,IF(BG2050=BH2011,BF2011,IF(BG2050=BH2012,BF2012,"ALGO ESTA MAL"))))) -> 0 | BG2050: =LARGE($BH$2008:$BH$2012,BE1050) -> 0 | BH2050: =IF(BG2050>0.1%,BG2050,"Algo Esta Mal") -> 0 | BI2050: =IF(BH2050=BG2050,BF2050," ") -> 0 | BO2050: =IF(BP2050=BQ2008,BO2008,IF(BP2050=BQ2009,BO2009,IF(BP2050=BQ2010,BO2010,IF(BP2050=BQ2011,BO2011,IF(BP2050=BQ2012,BO2012,"ALGO ESTA MAL"))))) -> 0 | BP2050: =LARGE($BQ$2008:$BQ$2012,BN1050) -> 0 | BQ2050: =IF(BP2050>0.1%,BP2050,"Algo Esta Mal") -> 0 | BR2050: =IF(BQ2050=BP2050,BO2050," ") -> 0 | BX2050: =IF(BY2050=BZ2008,BX2008,IF(BY2050=BZ2009,BX2009,IF(BY2050=BZ2010,BX2010,IF(BY2050=BZ2011,BX2011,IF(BY2050=BZ2012,BX2012,"ALGO ESTA MAL"))))) -> 0 | BY2050: =LARGE($BZ$2008:$BZ$2012,BW1050) -> 0 | BZ2050: =IF(BY2050>0.1%,BY2050,"Algo Esta Mal") -> 0 | CA2050: =IF(BZ2050=BY2050,BX2050," ") -> 0 | CG2050: =IF(CH2050=CI2008,CG2008,IF(CH2050=CI2009,CG2009,IF(CH2050=CI2010,CG2010,IF(CH2050=CI2011,CG2011,IF(CH2050=CI2012,CG2012,"ALGO ESTA MAL"))))) -> 0 | CH2050: =LARGE($CI$2008:$CI$2012,CF1050) -> 0 | CI2050: =IF(CH2050>0.1%,CH2050,"Algo Esta Mal") -> 0 | CJ2050: =IF(CI2050=CH2050,CG2050," ") -> 0 | CP2050: =IF(CQ2050=CR2008,CP2008,IF(CQ2050=CR2009,CP2009,IF(CQ2050=CR2010,CP2010,IF(CQ2050=CR2011,CP2011,IF(CQ2050=CR2012,CP2012,"ALGO ESTA MAL"))))) -> 0 | CQ2050: =LARGE($CR$2008:$CR$2012,CO1050) -> 0 | CR2050: =IF(CQ2050>0.1%,CQ2050,"Algo Esta Mal") -> 0 | CS2050: =IF(CR2050=CQ2050,CP2050," ") -> 0 | CY2050: =IF(CZ2050=DA2008,CY2008,IF(CZ2050=DA2009,CY2009,IF(CZ2050=DA2010,CY2010,IF(CZ2050=DA2011,CY2011,IF(CZ2050=DA2012,CY2012,"ALGO ESTA MAL"))))) -> 0 | CZ2050: =LARGE($DA$2008:$DA$2012,CX1050) -> 0 | DA2050: =IF(CZ2050>0.1%,CZ2050,"Algo Esta Mal") -> 0 | DB2050: =IF(DA2050=CZ2050,CY2050," ") -> 0 | DH2050: =IF(DI2050=DJ2008,DH2008,IF(DI2050=DJ2009,DH2009,IF(DI2050=DJ2010,DH2010,IF(DI2050=DJ2011,DH2011,IF(DI2050=DJ2012,DH2012,"ALGO ESTA MAL"))))) -> 0 | DI2050: =LARGE($DJ$2008:$DJ$2012,DG1050) -> 0 | DJ2050: =IF(DI2050>0.1%,DI2050,"Algo Esta Mal") -> 0 | DK2050: =IF(DJ2050=DI2050,DH2050," ") -> 0 | DQ2050: =IF(DR2050=DS2008,DQ2008,IF(DR2050=DS2009,DQ2009,IF(DR2050=DS2010,DQ2010,IF(DR2050=DS2011,DQ2011,IF(DR2050=DS2012,DQ2012,"ALGO ESTA MAL"))))) -> 0 | DR2050: =LARGE($DS$2008:$DS$2012,DP1050) -> 0 | DS2050: =IF(DR2050>0.1%,DR2050,"Algo Esta Mal") -> 0 | DT2050: =IF(DS2050=DR2050,DQ2050," ") -> 0 | DZ2050: =IF(EA2050=EB2008,DZ2008,IF(EA2050=EB2009,DZ2009,IF(EA2050=EB2010,DZ2010,IF(EA2050=EB2011,DZ2011,IF(EA2050=EB2012,DZ2012,"ALGO ESTA MAL"))))) -> 0 | EA2050: =LARGE($EB$2008:$EB$2012,DY1050) -> 0 | EB2050: =IF(EA2050>0.1%,EA2050,"Algo Esta Mal") -> 0 | EC2050: =IF(EB2050=EA2050,DZ2050," ") -> 0 | EI2050: =IF(EJ2050=EK2008,EI2008,IF(EJ2050=EK2009,EI2009,IF(EJ2050=EK2010,EI2010,IF(EJ2050=EK2011,EI2011,IF(EJ2050=EK2012,EI2012,"ALGO ESTA MAL"))))) -> 0 | EJ2050: =LARGE($EK$2008:$EK$2012,EH1050) -> 0 | EK2050: =IF(EJ2050>0.1%,EJ2050,"Algo Esta Mal") -> 0 | EL2050: =IF(EK2050=EJ2050,EI2050," ") -> 0 | ER2050: =IF(ES2050=ET2008,ER2008,IF(ES2050=ET2009,ER2009,IF(ES2050=ET2010,ER2010,IF(ES2050=ET2011,ER2011,IF(ES2050=ET2012,ER2012,"ALGO ESTA MAL"))))) -> 0 | ES2050: =LARGE($ET$2008:$ET$2012,EQ1050) -> 0 | ET2050: =IF(ES2050>0.1%,ES2050,"Algo Esta Mal") -> 0 | EU2050: =IF(ET2050=ES2050,ER2050," ") -> 0 | FA2050: =IF(FB2050=FC2008,FA2008,IF(FB2050=FC2009,FA2009,IF(FB2050=FC2010,FA2010,IF(FB2050=FC2011,FA2011,IF(FB2050=FC2012,FA2012,"ALGO ESTA MAL"))))) -> 0 | FB2050: =LARGE($FC$2008:$FC$2012,EZ1050) -> 0 | FC2050: =IF(FB2050>0.1%,FB2050,"Algo Esta Mal") -> 0 | FD2050: =IF(FC2050=FB2050,FA2050," ") -> 0
D2052: Mayoria | M2052: Mayoria | V2052: Mayoria | AE2052: Mayoria | AN2052: Mayoria | AW2052: Mayoria | BF2052: Mayoria | BO2052: Mayoria | BX2052: Mayoria | CG2052: Mayoria | CP2052: Mayoria | CY2052: Mayoria | DH2052: Mayoria | DQ2052: Mayoria | DZ2052: Mayoria | EI2052: Mayoria | ER2052: Mayoria | FA2052: Mayoria
D2053: =SUM(F2008:F2010) -> 0 | E2053: =MAX(D2053:D2054) -> 0 | M2053: =SUM(O2008:O2010) -> 0 | N2053: =MAX(M2053:M2054) -> 0 | V2053: =SUM(X2008:X2010) -> 0 | W2053: =MAX(V2053:V2054) -> 0 | AE2053: =SUM(AG2008:AG2010) -> 0 | AF2053: =MAX(AE2053:AE2054) -> 0 | AN2053: =SUM(AP2008:AP2010) -> 0 | AO2053: =MAX(AN2053:AN2054) -> 0 | AW2053: =SUM(AY2008:AY2010) -> 0 | AX2053: =MAX(AW2053:AW2054) -> 0 | BF2053: =SUM(BH2008:BH2010) -> 0 | BG2053: =MAX(BF2053:BF2054) -> 0 | BO2053: =SUM(BQ2008:BQ2010) -> 0 | BP2053: =MAX(BO2053:BO2054) -> 0 | BX2053: =SUM(BZ2008:BZ2010) -> 0 | BY2053: =MAX(BX2053:BX2054) -> 0 | CG2053: =SUM(CI2008:CI2010) -> 0 | CH2053: =MAX(CG2053:CG2054) -> 0 | CP2053: =SUM(CR2008:CR2010) -> 0 | CQ2053: =MAX(CP2053:CP2054) -> 0 | CY2053: =SUM(DA2008:DA2010) -> 0 | CZ2053: =MAX(CY2053:CY2054) -> 0 | DH2053: =SUM(DJ2008:DJ2010) -> 0 | DI2053: =MAX(DH2053:DH2054) -> 0 | DQ2053: =SUM(DS2008:DS2010) -> 0 | DR2053: =MAX(DQ2053:DQ2054) -> 0 | DZ2053: =SUM(EB2008:EB2010) -> 0 | EA2053: =MAX(DZ2053:DZ2054) -> 0 | EI2053: =SUM(EK2008:EK2010) -> 0 | EJ2053: =MAX(EI2053:EI2054) -> 0 | ER2053: =SUM(ET2008:ET2010) -> 0 | ES2053: =MAX(ER2053:ER2054) -> 0 | FA2053: =SUM(FC2008:FC2010) -> 0 | FB2053: =MAX(FA2053:FA2054) -> 0
D2054: =SUM(F2010:F2012) -> 0 | M2054: =SUM(O2010:O2012) -> 0 | V2054: =SUM(X2010:X2012) -> 0 | AE2054: =SUM(AG2010:AG2012) -> 0 | AN2054: =SUM(AP2010:AP2012) -> 0 | AW2054: =SUM(AY2010:AY2012) -> 0 | BF2054: =SUM(BH2010:BH2012) -> 0 | BO2054: =SUM(BQ2010:BQ2012) -> 0 | BX2054: =SUM(BZ2010:BZ2012) -> 0 | CG2054: =SUM(CI2010:CI2012) -> 0 | CP2054: =SUM(CR2010:CR2012) -> 0 | CY2054: =SUM(DA2010:DA2012) -> 0 | DH2054: =SUM(DJ2010:DJ2012) -> 0 | DQ2054: =SUM(DS2010:DS2012) -> 0 | DZ2054: =SUM(EB2010:EB2012) -> 0 | EI2054: =SUM(EK2010:EK2012) -> 0 | ER2054: =SUM(ET2010:ET2012) -> 0 | FA2054: =SUM(FC2010:FC2012) -> 0
E2056: =SUM(F2008:F2009) -> 0 | N2056: =SUM(O2008:O2009) -> 0 | W2056: =SUM(X2008:X2009) -> 0 | AF2056: =SUM(AG2008:AG2009) -> 0 | AO2056: =SUM(AP2008:AP2009) -> 0 | AX2056: =SUM(AY2008:AY2009) -> 0 | BG2056: =SUM(BH2008:BH2009) -> 0 | BP2056: =SUM(BQ2008:BQ2009) -> 0 | BY2056: =SUM(BZ2008:BZ2009) -> 0 | CH2056: =SUM(CI2008:CI2009) -> 0 | CQ2056: =SUM(CR2008:CR2009) -> 0 | CZ2056: =SUM(DA2008:DA2009) -> 0 | DI2056: =SUM(DJ2008:DJ2009) -> 0 | DR2056: =SUM(DS2008:DS2009) -> 0 | EA2056: =SUM(EB2008:EB2009) -> 0 | EJ2056: =SUM(EK2008:EK2009) -> 0 | ES2056: =SUM(ET2008:ET2009) -> 0 | FB2056: =SUM(FC2008:FC2009) -> 0
E2057: =SUM(F2010) -> 0 | N2057: =SUM(O2010) -> 0 | W2057: =SUM(X2010) -> 0 | AF2057: =SUM(AG2010) -> 0 | AO2057: =SUM(AP2010) -> 0 | AX2057: =SUM(AY2010) -> 0 | BG2057: =SUM(BH2010) -> 0 | BP2057: =SUM(BQ2010) -> 0 | BY2057: =SUM(BZ2010) -> 0 | CH2057: =SUM(CI2010) -> 0 | CQ2057: =SUM(CR2010) -> 0 | CZ2057: =SUM(DA2010) -> 0 | DI2057: =SUM(DJ2010) -> 0 | DR2057: =SUM(DS2010) -> 0 | EA2057: =SUM(EB2010) -> 0 | EJ2057: =SUM(EK2010) -> 0 | ES2057: =SUM(ET2010) -> 0 | FB2057: =SUM(FC2010) -> 0
E2058: =SUM(F2011:F2012) -> 0 | N2058: =SUM(O2011:O2012) -> 0 | W2058: =SUM(X2011:X2012) -> 0 | AF2058: =SUM(AG2011:AG2012) -> 0 | AO2058: =SUM(AP2011:AP2012) -> 0 | AX2058: =SUM(AY2011:AY2012) -> 0 | BG2058: =SUM(BH2011:BH2012) -> 0 | BP2058: =SUM(BQ2011:BQ2012) -> 0 | BY2058: =SUM(BZ2011:BZ2012) -> 0 | CH2058: =SUM(CI2011:CI2012) -> 0 | CQ2058: =SUM(CR2011:CR2012) -> 0 | CZ2058: =SUM(DA2011:DA2012) -> 0 | DI2058: =SUM(DJ2011:DJ2012) -> 0 | DR2058: =SUM(DS2011:DS2012) -> 0 | EA2058: =SUM(EB2011:EB2012) -> 0 | EJ2058: =SUM(EK2011:EK2012) -> 0 | ES2058: =SUM(ET2011:ET2012) -> 0 | FB2058: =SUM(FC2011:FC2012) -> 0
E2060: =IF(E2056>=51%,D2056,IF(E2057>=51%,D2057,IF(E2058>=51%,D2058,IF(SUM(E2056:E2057)>SUM(E2057:E2058),D2056,IF(SUM(E2056:E2057)<SUM(E2057:E2058),D2058,"Algo esta Mal"))))) -> 0 | N2060: =IF(N2056>=51%,M2056,IF(N2057>=51%,M2057,IF(N2058>=51%,M2058,IF(SUM(N2056:N2057)>SUM(N2057:N2058),M2056,IF(SUM(N2056:N2057)<SUM(N2057:N2058),M2058,"Algo esta Mal"))))) -> 0 | W2060: =IF(W2056>=51%,V2056,IF(W2057>=51%,V2057,IF(W2058>=51%,V2058,IF(SUM(W2056:W2057)>SUM(W2057:W2058),V2056,IF(SUM(W2056:W2057)<SUM(W2057:W2058),V2058,"Algo esta Mal"))))) -> 0 | AF2060: =IF(AF2056>=51%,AE2056,IF(AF2057>=51%,AE2057,IF(AF2058>=51%,AE2058,IF(SUM(AF2056:AF2057)>SUM(AF2057:AF2058),AE2056,IF(SUM(AF2056:AF2057)<SUM(AF2057:AF2058),AE2058,"Algo esta Mal"))))) -> 0 | AO2060: =IF(AO2056>=51%,AN2056,IF(AO2057>=51%,AN2057,IF(AO2058>=51%,AN2058,IF(SUM(AO2056:AO2057)>SUM(AO2057:AO2058),AN2056,IF(SUM(AO2056:AO2057)<SUM(AO2057:AO2058),AN2058,"Algo esta Mal"))))) -> 0 | AX2060: =IF(AX2056>=51%,AW2056,IF(AX2057>=51%,AW2057,IF(AX2058>=51%,AW2058,IF(SUM(AX2056:AX2057)>SUM(AX2057:AX2058),AW2056,IF(SUM(AX2056:AX2057)<SUM(AX2057:AX2058),AW2058,"Algo esta Mal"))))) -> 0 | BG2060: =IF(BG2056>=51%,BF2056,IF(BG2057>=51%,BF2057,IF(BG2058>=51%,BF2058,IF(SUM(BG2056:BG2057)>SUM(BG2057:BG2058),BF2056,IF(SUM(BG2056:BG2057)<SUM(BG2057:BG2058),BF2058,"Algo esta Mal"))))) -> 0 | BP2060: =IF(BP2056>=51%,BO2056,IF(BP2057>=51%,BO2057,IF(BP2058>=51%,BO2058,IF(SUM(BP2056:BP2057)>SUM(BP2057:BP2058),BO2056,IF(SUM(BP2056:BP2057)<SUM(BP2057:BP2058),BO2058,"Algo esta Mal"))))) -> 0 | BY2060: =IF(BY2056>=51%,BX2056,IF(BY2057>=51%,BX2057,IF(BY2058>=51%,BX2058,IF(SUM(BY2056:BY2057)>SUM(BY2057:BY2058),BX2056,IF(SUM(BY2056:BY2057)<SUM(BY2057:BY2058),BX2058,"Algo esta Mal"))))) -> 0 | CH2060: =IF(CH2056>=51%,CG2056,IF(CH2057>=51%,CG2057,IF(CH2058>=51%,CG2058,IF(SUM(CH2056:CH2057)>SUM(CH2057:CH2058),CG2056,IF(SUM(CH2056:CH2057)<SUM(CH2057:CH2058),CG2058,"Algo esta Mal"))))) -> 0 | CQ2060: =IF(CQ2056>=51%,CP2056,IF(CQ2057>=51%,CP2057,IF(CQ2058>=51%,CP2058,IF(SUM(CQ2056:CQ2057)>SUM(CQ2057:CQ2058),CP2056,IF(SUM(CQ2056:CQ2057)<SUM(CQ2057:CQ2058),CP2058,"Algo esta Mal"))))) -> 0 | CZ2060: =IF(CZ2056>=51%,CY2056,IF(CZ2057>=51%,CY2057,IF(CZ2058>=51%,CY2058,IF(SUM(CZ2056:CZ2057)>SUM(CZ2057:CZ2058),CY2056,IF(SUM(CZ2056:CZ2057)<SUM(CZ2057:CZ2058),CY2058,"Algo esta Mal"))))) -> 0 | DI2060: =IF(DI2056>=51%,DH2056,IF(DI2057>=51%,DH2057,IF(DI2058>=51%,DH2058,IF(SUM(DI2056:DI2057)>SUM(DI2057:DI2058),DH2056,IF(SUM(DI2056:DI2057)<SUM(DI2057:DI2058),DH2058,"Algo esta Mal"))))) -> 0 | DR2060: =IF(DR2056>=51%,DQ2056,IF(DR2057>=51%,DQ2057,IF(DR2058>=51%,DQ2058,IF(SUM(DR2056:DR2057)>SUM(DR2057:DR2058),DQ2056,IF(SUM(DR2056:DR2057)<SUM(DR2057:DR2058),DQ2058,"Algo esta Mal"))))) -> 0 | EA2060: =IF(EA2056>=51%,DZ2056,IF(EA2057>=51%,DZ2057,IF(EA2058>=51%,DZ2058,IF(SUM(EA2056:EA2057)>SUM(EA2057:EA2058),DZ2056,IF(SUM(EA2056:EA2057)<SUM(EA2057:EA2058),DZ2058,"Algo esta Mal"))))) -> 0 | EJ2060: =IF(EJ2056>=51%,EI2056,IF(EJ2057>=51%,EI2057,IF(EJ2058>=51%,EI2058,IF(SUM(EJ2056:EJ2057)>SUM(EJ2057:EJ2058),EI2056,IF(SUM(EJ2056:EJ2057)<SUM(EJ2057:EJ2058),EI2058,"Algo esta Mal"))))) -> 0 | ES2060: =IF(ES2056>=51%,ER2056,IF(ES2057>=51%,ER2057,IF(ES2058>=51%,ER2058,IF(SUM(ES2056:ES2057)>SUM(ES2057:ES2058),ER2056,IF(SUM(ES2056:ES2057)<SUM(ES2057:ES2058),ER2058,"Algo esta Mal"))))) -> 0 | FB2060: =IF(FB2056>=51%,FA2056,IF(FB2057>=51%,FA2057,IF(FB2058>=51%,FA2058,IF(SUM(FB2056:FB2057)>SUM(FB2057:FB2058),FA2056,IF(SUM(FB2056:FB2057)<SUM(FB2057:FB2058),FA2058,"Algo esta Mal"))))) -> 0
E2062: x | N2062: x | W2062: x | AO2062: x | AX2062: x | BG2062: x | BP2062: x | CH2062: x | CQ2062: x | CZ2062: x | DI2062: x | DR2062: x | EA2062: x | EJ2062: x | ES2062: x | FB2062: x
